Date,Worker_ID,Worker_Name,Primary_Skill,Secondary_Skill,Shift_Type,Attendance_Status,Regular_Hours,Overtime_Hours,Overtime_Rate_INR_per_Hour,Overtime_Payout_INR,Weekly_Holiday,PPE_Required,Insurance_Coverage_Basis_INR,Safety_Training_Status,Site_Role
2026-07-01,W-001,Worker 01,Masonry,Blockwork,Regular,P,8,0,0,0,No,Safety Helmet; Safety Shoes; High-Visibility Vest; Task-Specific Gloves,500000,Toolbox Talk / Site Safety Induction,Skilled Worker / Labour
2026-07-02,W-001,Worker 01,Masonry,Blockwork,Regular,P,8,0,0,0,No,Safety Helmet; Safety Shoes; High-Visibility Vest; Task-Specific Gloves,500000,Toolbox Talk / Site Safety Induction,Skilled Worker / Labour
2026-07-03,W-001,Worker 01,Masonry,Blockwork,Regular,P,8,0,0,0,No,Safety Helmet; Safety Shoes; High-Visibility Vest; Task-Specific Gloves,500000,Toolbox Talk / Site Safety Induction,Skilled Worker / Labour
2026-07-04,W-001,Worker 01,Masonry,Blockwork,Regular,P,8,0,0,0,No,Safety Helmet; Safety Shoes; High-Visibility Vest; Task-Specific Gloves,500000,Toolbox Talk / Site Safety Induction,Skilled Worker / Labour
2026-07-05,W-001,Worker 01,Masonry,Blockwork,Regular,H,0,0,0,0,Yes,Safety Helmet; Safety Shoes; High-Visibility Vest; Task-Specific Gloves,500000,Toolbox Talk / Site Safety Induction,Skilled Worker / Labour
2026-07-06,W-001,Worker 01,Masonry,Blockwork,Regular,P,8,0,0,0,No,Safety Helmet; Safety Shoes; High-Visibility Vest; Task-Specific Gloves,500000,Toolbox Talk / Site Safety Induction,Skilled Worker / Labour
2026-07-07,W-001,Worker 01,Masonry,Blockwork,Regular,P,8,0,0,0,No,Safety Helmet; Safety Shoes; High-Visibility Vest; Task-Specific Gloves,500000,Toolbox Talk / Site Safety Induction,Skilled Worker / Labour
2026-07-08,W-001,Worker 01,Masonry,Blockwork,Regular,P,8,0,0,0,No,Safety Helmet; Safety Shoes; High-Visibility Vest; Task-Specific Gloves,500000,Toolbox Talk / Site Safety Induction,Skilled Worker / Labour
2026-07-09,W-001,Worker 01,Masonry,Blockwork,Regular,P,8,0,0,0,No,Safety Helmet; Safety Shoes; High-Visibility Vest; Task-Specific Gloves,500000,Toolbox Talk / Site Safety Induction,Skilled Worker / Labour
2026-07-10,W-001,Worker 01,Masonry,Blockwork,Regular,P,8,0,0,0,No,Safety Helmet; Safety Shoes; High-Visibility Vest; Task-Specific Gloves,500000,Toolbox Talk / Site Safety Induction,Skilled Worker / Labour
2026-07-11,W-001,Worker 01,Masonry,Blockwork,Regular,P,8,0,0,0,No,Safety Helmet; Safety Shoes; High-Visibility Vest; Task-Specific Gloves,500000,Toolbox Talk / Site Safety Induction,Skilled Worker / Labour
2026-07-12,W-001,Worker 01,Masonry,Blockwork,Regular,H,0,0,0,0,Yes,Safety Helmet; Safety Shoes; High-Visibility Vest; Task-Specific Gloves,500000,Toolbox Talk / Site Safety Induction,Skilled Worker / Labour
2026-07-13,W-001,Worker 01,Masonry,Blockwork,Regular,P,8,0,0,0,No,Safety Helmet; Safety Shoes; High-Visibility Vest; Task-Specific Gloves,500000,Toolbox Talk / Site Safety Induction,Skilled Worker / Labour
2026-07-14,W-001,Worker 01,Masonry,Blockwork,Regular,P,8,0,0,0,No,Safety Helmet; Safety Shoes; High-Visibility Vest; Task-Specific Gloves,500000,Toolbox Talk / Site Safety Induction,Skilled Worker / Labour
2026-07-15,W-001,Worker 01,Masonry,Blockwork,Regular,P,8,0,0,0,No,Safety Helmet; Safety Shoes; High-Visibility Vest; Task-Specific Gloves,500000,Toolbox Talk / Site Safety Induction,Skilled Worker / Labour
2026-07-16,W-001,Worker 01,Masonry,Blockwork,Regular,P,8,0,0,0,No,Safety Helmet; Safety Shoes; High-Visibility Vest; Task-Specific Gloves,500000,Toolbox Talk / Site Safety Induction,Skilled Worker / Labour
2026-07-17,W-001,Worker 01,Masonry,Blockwork,Regular,P,8,0,0,0,No,Safety Helmet; Safety Shoes; High-Visibility Vest; Task-Specific Gloves,500000,Toolbox Talk / Site Safety Induction,Skilled Worker / Labour
2026-07-18,W-001,Worker 01,Masonry,Blockwork,Regular,P,8,0,0,0,No,Safety Helmet; Safety Shoes; High-Visibility Vest; Task-Specific Gloves,500000,Toolbox Talk / Site Safety Induction,Skilled Worker / Labour
2026-07-19,W-001,Worker 01,Masonry,Blockwork,Regular,H,0,0,0,0,Yes,Safety Helmet; Safety Shoes; High-Visibility Vest; Task-Specific Gloves,500000,Toolbox Talk / Site Safety Induction,Skilled Worker / Labour
2026-07-20,W-001,Worker 01,Masonry,Blockwork,Regular,P,8,0,0,0,No,Safety Helmet; Safety Shoes; High-Visibility Vest; Task-Specific Gloves,500000,Toolbox Talk / Site Safety Induction,Skilled Worker / Labour
2026-07-21,W-001,Worker 01,Masonry,Blockwork,Regular,P,8,0,0,0,No,Safety Helmet; Safety Shoes; High-Visibility Vest; Task-Specific Gloves,500000,Toolbox Talk / Site Safety Induction,Skilled Worker / Labour
2026-07-22,W-001,Worker 01,Masonry,Blockwork,Regular,P,8,0,0,0,No,Safety Helmet; Safety Shoes; High-Visibility Vest; Task-Specific Gloves,500000,Toolbox Talk / Site Safety Induction,Skilled Worker / Labour
2026-07-23,W-001,Worker 01,Masonry,Blockwork,Regular,P,8,0,0,0,No,Safety Helmet; Safety Shoes; High-Visibility Vest; Task-Specific Gloves,500000,Toolbox Talk / Site Safety Induction,Skilled Worker / Labour
2026-07-24,W-001,Worker 01,Masonry,Blockwork,Regular,P,8,0,0,0,No,Safety Helmet; Safety Shoes; High-Visibility Vest; Task-Specific Gloves,500000,Toolbox Talk / Site Safety Induction,Skilled Worker / Labour
2026-07-25,W-001,Worker 01,Masonry,Blockwork,Regular,P,8,0,0,0,No,Safety Helmet; Safety Shoes; High-Visibility Vest; Task-Specific Gloves,500000,Toolbox Talk / Site Safety Induction,Skilled Worker / Labour
2026-07-26,W-001,Worker 01,Masonry,Blockwork,Regular,H,0,0,0,0,Yes,Safety Helmet; Safety Shoes; High-Visibility Vest; Task-Specific Gloves,500000,Toolbox Talk / Site Safety Induction,Skilled Worker / Labour
2026-07-27,W-001,Worker 01,Masonry,Blockwork,Regular,P,8,0,0,0,No,Safety Helmet; Safety Shoes; High-Visibility Vest; Task-Specific Gloves,500000,Toolbox Talk / Site Safety Induction,Skilled Worker / Labour
2026-07-28,W-001,Worker 01,Masonry,Blockwork,Regular,P,8,0,0,0,No,Safety Helmet; Safety Shoes; High-Visibility Vest; Task-Specific Gloves,500000,Toolbox Talk / Site Safety Induction,Skilled Worker / Labour
2026-07-29,W-001,Worker 01,Masonry,Blockwork,Regular,A,0,0,0,0,No,Safety Helmet; Safety Shoes; High-Visibility Vest; Task-Specific Gloves,500000,Toolbox Talk / Site Safety Induction,Skilled Worker / Labour
2026-07-30,W-001,Worker 01,Masonry,Blockwork,Regular,P,8,0,0,0,No,Safety Helmet; Safety Shoes; High-Visibility Vest; Task-Specific Gloves,500000,Toolbox Talk / Site Safety Induction,Skilled Worker / Labour
2026-07-01,W-002,Worker 02,Masonry,Plastering,Regular,P,8,0,0,0,No,Safety Helmet; Safety Shoes; High-Visibility Vest; Task-Specific Gloves,500000,Toolbox Talk / Site Safety Induction,Skilled Worker / Labour
2026-07-02,W-002,Worker 02,Masonry,Plastering,Regular,P,8,0,0,0,No,Safety Helmet; Safety Shoes; High-Visibility Vest; Task-Specific Gloves,500000,Toolbox Talk / Site Safety Induction,Skilled Worker / Labour
2026-07-03,W-002,Worker 02,Masonry,Plastering,Regular,P,8,0,0,0,No,Safety Helmet; Safety Shoes; High-Visibility Vest; Task-Specific Gloves,500000,Toolbox Talk / Site Safety Induction,Skilled Worker / Labour
2026-07-04,W-002,Worker 02,Masonry,Plastering,Regular,P,8,0,0,0,No,Safety Helmet; Safety Shoes; High-Visibility Vest; Task-Specific Gloves,500000,Toolbox Talk / Site Safety Induction,Skilled Worker / Labour
2026-07-05,W-002,Worker 02,Masonry,Plastering,Regular,H,0,0,0,0,Yes,Safety Helmet; Safety Shoes; High-Visibility Vest; Task-Specific Gloves,500000,Toolbox Talk / Site Safety Induction,Skilled Worker / Labour
2026-07-06,W-002,Worker 02,Masonry,Plastering,Regular,P,8,0,0,0,No,Safety Helmet; Safety Shoes; High-Visibility Vest; Task-Specific Gloves,500000,Toolbox Talk / Site Safety Induction,Skilled Worker / Labour
2026-07-07,W-002,Worker 02,Masonry,Plastering,Regular,P,8,0,0,0,No,Safety Helmet; Safety Shoes; High-Visibility Vest; Task-Specific Gloves,500000,Toolbox Talk / Site Safety Induction,Skilled Worker / Labour
2026-07-08,W-002,Worker 02,Masonry,Plastering,Regular,P,8,0,0,0,No,Safety Helmet; Safety Shoes; High-Visibility Vest; Task-Specific Gloves,500000,Toolbox Talk / Site Safety Induction,Skilled Worker / Labour
2026-07-09,W-002,Worker 02,Masonry,Plastering,Regular,P,8,0,0,0,No,Safety Helmet; Safety Shoes; High-Visibility Vest; Task-Specific Gloves,500000,Toolbox Talk / Site Safety Induction,Skilled Worker / Labour
2026-07-10,W-002,Worker 02,Masonry,Plastering,Regular,P,8,0,0,0,No,Safety Helmet; Safety Shoes; High-Visibility Vest; Task-Specific Gloves,500000,Toolbox Talk / Site Safety Induction,Skilled Worker / Labour
2026-07-11,W-002,Worker 02,Masonry,Plastering,Regular,P,8,0,0,0,No,Safety Helmet; Safety Shoes; High-Visibility Vest; Task-Specific Gloves,500000,Toolbox Talk / Site Safety Induction,Skilled Worker / Labour
2026-07-12,W-002,Worker 02,Masonry,Plastering,Regular,H,0,0,0,0,Yes,Safety Helmet; Safety Shoes; High-Visibility Vest; Task-Specific Gloves,500000,Toolbox Talk / Site Safety Induction,Skilled Worker / Labour
2026-07-13,W-002,Worker 02,Masonry,Plastering,Regular,P,8,0,0,0,No,Safety Helmet; Safety Shoes; High-Visibility Vest; Task-Specific Gloves,500000,Toolbox Talk / Site Safety Induction,Skilled Worker / Labour
2026-07-14,W-002,Worker 02,Masonry,Plastering,Regular,P,8,0,0,0,No,Safety Helmet; Safety Shoes; High-Visibility Vest; Task-Specific Gloves,500000,Toolbox Talk / Site Safety Induction,Skilled Worker / Labour
2026-07-15,W-002,Worker 02,Masonry,Plastering,Regular,P,8,0,0,0,No,Safety Helmet; Safety Shoes; High-Visibility Vest; Task-Specific Gloves,500000,Toolbox Talk / Site Safety Induction,Skilled Worker / Labour
2026-07-16,W-002,Worker 02,Masonry,Plastering,Regular,P,8,0,0,0,No,Safety Helmet; Safety Shoes; High-Visibility Vest; Task-Specific Gloves,500000,Toolbox Talk / Site Safety Induction,Skilled Worker / Labour
2026-07-17,W-002,Worker 02,Masonry,Plastering,Regular,P,8,0,0,0,No,Safety Helmet; Safety Shoes; High-Visibility Vest; Task-Specific Gloves,500000,Toolbox Talk / Site Safety Induction,Skilled Worker / Labour
2026-07-18,W-002,Worker 02,Masonry,Plastering,Regular,P,8,0,0,0,No,Safety Helmet; Safety Shoes; High-Visibility Vest; Task-Specific Gloves,500000,Toolbox Talk / Site Safety Induction,Skilled Worker / Labour
2026-07-19,W-002,Worker 02,Masonry,Plastering,Regular,H,0,0,0,0,Yes,Safety Helmet; Safety Shoes; High-Visibility Vest; Task-Specific Gloves,500000,Toolbox Talk / Site Safety Induction,Skilled Worker / Labour
2026-07-20,W-002,Worker 02,Masonry,Plastering,Regular,P,8,0,0,0,No,Safety Helmet; Safety Shoes; High-Visibility Vest; Task-Specific Gloves,500000,Toolbox Talk / Site Safety Induction,Skilled Worker / Labour
2026-07-21,W-002,Worker 02,Masonry,Plastering,Regular,P,8,0,0,0,No,Safety Helmet; Safety Shoes; High-Visibility Vest; Task-Specific Gloves,500000,Toolbox Talk / Site Safety Induction,Skilled Worker / Labour
2026-07-22,W-002,Worker 02,Masonry,Plastering,Regular,P,8,0,0,0,No,Safety Helmet; Safety Shoes; High-Visibility Vest; Task-Specific Gloves,500000,Toolbox Talk / Site Safety Induction,Skilled Worker / Labour
2026-07-23,W-002,Worker 02,Masonry,Plastering,Regular,P,8,0,0,0,No,Safety Helmet; Safety Shoes; High-Visibility Vest; Task-Specific Gloves,500000,Toolbox Talk / Site Safety Induction,Skilled Worker / Labour
2026-07-24,W-002,Worker 02,Masonry,Plastering,Regular,P,8,0,0,0,No,Safety Helmet; Safety Shoes; High-Visibility Vest; Task-Specific Gloves,500000,Toolbox Talk / Site Safety Induction,Skilled Worker / Labour
2026-07-25,W-002,Worker 02,Masonry,Plastering,Regular,P,8,0,0,0,No,Safety Helmet; Safety Shoes; High-Visibility Vest; Task-Specific Gloves,500000,Toolbox Talk / Site Safety Induction,Skilled Worker / Labour
2026-07-26,W-002,Worker 02,Masonry,Plastering,Regular,H,0,0,0,0,Yes,Safety Helmet; Safety Shoes; High-Visibility Vest; Task-Specific Gloves,500000,Toolbox Talk / Site Safety Induction,Skilled Worker / Labour
2026-07-27,W-002,Worker 02,Masonry,Plastering,Regular,P,8,0,0,0,No,Safety Helmet; Safety Shoes; High-Visibility Vest; Task-Specific Gloves,500000,Toolbox Talk / Site Safety Induction,Skilled Worker / Labour
2026-07-28,W-002,Worker 02,Masonry,Plastering,Regular,A,0,0,0,0,No,Safety Helmet; Safety Shoes; High-Visibility Vest; Task-Specific Gloves,500000,Toolbox Talk / Site Safety Induction,Skilled Worker / Labour
2026-07-29,W-002,Worker 02,Masonry,Plastering,Regular,P,8,0,0,0,No,Safety Helmet; Safety Shoes; High-Visibility Vest; Task-Specific Gloves,500000,Toolbox Talk / Site Safety Induction,Skilled Worker / Labour
2026-07-30,W-002,Worker 02,Masonry,Plastering,Regular,P,8,0,0,0,No,Safety Helmet; Safety Shoes; High-Visibility Vest; Task-Specific Gloves,500000,Toolbox Talk / Site Safety Induction,Skilled Worker / Labour
2026-07-01,W-003,Worker 03,Masonry,Brickwork,Regular,P,8,0,0,0,No,Safety Helmet; Safety Shoes; High-Visibility Vest; Task-Specific Gloves,500000,Toolbox Talk / Site Safety Induction,Skilled Worker / Labour
2026-07-02,W-003,Worker 03,Masonry,Brickwork,Regular,P,8,0,0,0,No,Safety Helmet; Safety Shoes; High-Visibility Vest; Task-Specific Gloves,500000,Toolbox Talk / Site Safety Induction,Skilled Worker / Labour
2026-07-03,W-003,Worker 03,Masonry,Brickwork,Regular,P,8,0,0,0,No,Safety Helmet; Safety Shoes; High-Visibility Vest; Task-Specific Gloves,500000,Toolbox Talk / Site Safety Induction,Skilled Worker / Labour
2026-07-04,W-003,Worker 03,Masonry,Brickwork,Regular,P,8,0,0,0,No,Safety Helmet; Safety Shoes; High-Visibility Vest; Task-Specific Gloves,500000,Toolbox Talk / Site Safety Induction,Skilled Worker / Labour
2026-07-05,W-003,Worker 03,Masonry,Brickwork,Regular,H,0,0,0,0,Yes,Safety Helmet; Safety Shoes; High-Visibility Vest; Task-Specific Gloves,500000,Toolbox Talk / Site Safety Induction,Skilled Worker / Labour
2026-07-06,W-003,Worker 03,Masonry,Brickwork,Regular,P,8,0,0,0,No,Safety Helmet; Safety Shoes; High-Visibility Vest; Task-Specific Gloves,500000,Toolbox Talk / Site Safety Induction,Skilled Worker / Labour
2026-07-07,W-003,Worker 03,Masonry,Brickwork,Regular,P,8,0,0,0,No,Safety Helmet; Safety Shoes; High-Visibility Vest; Task-Specific Gloves,500000,Toolbox Talk / Site Safety Induction,Skilled Worker / Labour
2026-07-08,W-003,Worker 03,Masonry,Brickwork,Regular,P,8,0,0,0,No,Safety Helmet; Safety Shoes; High-Visibility Vest; Task-Specific Gloves,500000,Toolbox Talk / Site Safety Induction,Skilled Worker / Labour
2026-07-09,W-003,Worker 03,Masonry,Brickwork,Regular,P,8,0,0,0,No,Safety Helmet; Safety Shoes; High-Visibility Vest; Task-Specific Gloves,500000,Toolbox Talk / Site Safety Induction,Skilled Worker / Labour
2026-07-10,W-003,Worker 03,Masonry,Brickwork,Regular,P,8,0,0,0,No,Safety Helmet; Safety Shoes; High-Visibility Vest; Task-Specific Gloves,500000,Toolbox Talk / Site Safety Induction,Skilled Worker / Labour
2026-07-11,W-003,Worker 03,Masonry,Brickwork,Regular,P,8,0,0,0,No,Safety Helmet; Safety Shoes; High-Visibility Vest; Task-Specific Gloves,500000,Toolbox Talk / Site Safety Induction,Skilled Worker / Labour
2026-07-12,W-003,Worker 03,Masonry,Brickwork,Regular,H,0,0,0,0,Yes,Safety Helmet; Safety Shoes; High-Visibility Vest; Task-Specific Gloves,500000,Toolbox Talk / Site Safety Induction,Skilled Worker / Labour
2026-07-13,W-003,Worker 03,Masonry,Brickwork,Regular,P,8,0,0,0,No,Safety Helmet; Safety Shoes; High-Visibility Vest; Task-Specific Gloves,500000,Toolbox Talk / Site Safety Induction,Skilled Worker / Labour
2026-07-14,W-003,Worker 03,Masonry,Brickwork,Regular,P,8,0,0,0,No,Safety Helmet; Safety Shoes; High-Visibility Vest; Task-Specific Gloves,500000,Toolbox Talk / Site Safety Induction,Skilled Worker / Labour
2026-07-15,W-003,Worker 03,Masonry,Brickwork,Regular,P,8,0,0,0,No,Safety Helmet; Safety Shoes; High-Visibility Vest; Task-Specific Gloves,500000,Toolbox Talk / Site Safety Induction,Skilled Worker / Labour
2026-07-16,W-003,Worker 03,Masonry,Brickwork,Regular,P,8,0,0,0,No,Safety Helmet; Safety Shoes; High-Visibility Vest; Task-Specific Gloves,500000,Toolbox Talk / Site Safety Induction,Skilled Worker / Labour
2026-07-17,W-003,Worker 03,Masonry,Brickwork,Regular,P,8,0,0,0,No,Safety Helmet; Safety Shoes; High-Visibility Vest; Task-Specific Gloves,500000,Toolbox Talk / Site Safety Induction,Skilled Worker / Labour
2026-07-18,W-003,Worker 03,Masonry,Brickwork,Regular,P,8,0,0,0,No,Safety Helmet; Safety Shoes; High-Visibility Vest; Task-Specific Gloves,500000,Toolbox Talk / Site Safety Induction,Skilled Worker / Labour
2026-07-19,W-003,Worker 03,Masonry,Brickwork,Regular,H,0,0,0,0,Yes,Safety Helmet; Safety Shoes; High-Visibility Vest; Task-Specific Gloves,500000,Toolbox Talk / Site Safety Induction,Skilled Worker / Labour
2026-07-20,W-003,Worker 03,Masonry,Brickwork,Regular,P,8,0,0,0,No,Safety Helmet; Safety Shoes; High-Visibility Vest; Task-Specific Gloves,500000,Toolbox Talk / Site Safety Induction,Skilled Worker / Labour
2026-07-21,W-003,Worker 03,Masonry,Brickwork,Regular,P,8,0,0,0,No,Safety Helmet; Safety Shoes; High-Visibility Vest; Task-Specific Gloves,500000,Toolbox Talk / Site Safety Induction,Skilled Worker / Labour
2026-07-22,W-003,Worker 03,Masonry,Brickwork,Regular,P,8,0,0,0,No,Safety Helmet; Safety Shoes; High-Visibility Vest; Task-Specific Gloves,500000,Toolbox Talk / Site Safety Induction,Skilled Worker / Labour
2026-07-23,W-003,Worker 03,Masonry,Brickwork,Regular,P,8,0,0,0,No,Safety Helmet; Safety Shoes; High-Visibility Vest; Task-Specific Gloves,500000,Toolbox Talk / Site Safety Induction,Skilled Worker / Labour
2026-07-24,W-003,Worker 03,Masonry,Brickwork,Regular,P,8,0,0,0,No,Safety Helmet; Safety Shoes; High-Visibility Vest; Task-Specific Gloves,500000,Toolbox Talk / Site Safety Induction,Skilled Worker / Labour
2026-07-25,W-003,Worker 03,Masonry,Brickwork,Regular,P,8,0,0,0,No,Safety Helmet; Safety Shoes; High-Visibility Vest; Task-Specific Gloves,500000,Toolbox Talk / Site Safety Induction,Skilled Worker / Labour
2026-07-26,W-003,Worker 03,Masonry,Brickwork,Regular,H,0,0,0,0,Yes,Safety Helmet; Safety Shoes; High-Visibility Vest; Task-Specific Gloves,500000,Toolbox Talk / Site Safety Induction,Skilled Worker / Labour
2026-07-27,W-003,Worker 03,Masonry,Brickwork,Regular,A,0,0,0,0,No,Safety Helmet; Safety Shoes; High-Visibility Vest; Task-Specific Gloves,500000,Toolbox Talk / Site Safety Induction,Skilled Worker / Labour
2026-07-28,W-003,Worker 03,Masonry,Brickwork,Regular,P,8,0,0,0,No,Safety Helmet; Safety Shoes; High-Visibility Vest; Task-Specific Gloves,500000,Toolbox Talk / Site Safety Induction,Skilled Worker / Labour
2026-07-29,W-003,Worker 03,Masonry,Brickwork,Regular,P,8,0,0,0,No,Safety Helmet; Safety Shoes; High-Visibility Vest; Task-Specific Gloves,500000,Toolbox Talk / Site Safety Induction,Skilled Worker / Labour
2026-07-30,W-003,Worker 03,Masonry,Brickwork,Regular,P,8,0,0,0,No,Safety Helmet; Safety Shoes; High-Visibility Vest; Task-Specific Gloves,500000,Toolbox Talk / Site Safety Induction,Skilled Worker / Labour
2026-07-01,W-004,Worker 04,Masonry,Tile Work,Regular,P,8,0,0,0,No,Safety Helmet; Safety Shoes; High-Visibility Vest; Task-Specific Gloves,500000,Toolbox Talk / Site Safety Induction,Skilled Worker / Labour
2026-07-02,W-004,Worker 04,Masonry,Tile Work,Regular,P,8,0,0,0,No,Safety Helmet; Safety Shoes; High-Visibility Vest; Task-Specific Gloves,500000,Toolbox Talk / Site Safety Induction,Skilled Worker / Labour
2026-07-03,W-004,Worker 04,Masonry,Tile Work,Regular,P,8,0,0,0,No,Safety Helmet; Safety Shoes; High-Visibility Vest; Task-Specific Gloves,500000,Toolbox Talk / Site Safety Induction,Skilled Worker / Labour
2026-07-04,W-004,Worker 04,Masonry,Tile Work,Regular,P,8,0,0,0,No,Safety Helmet; Safety Shoes; High-Visibility Vest; Task-Specific Gloves,500000,Toolbox Talk / Site Safety Induction,Skilled Worker / Labour
2026-07-05,W-004,Worker 04,Masonry,Tile Work,Regular,H,0,0,0,0,Yes,Safety Helmet; Safety Shoes; High-Visibility Vest; Task-Specific Gloves,500000,Toolbox Talk / Site Safety Induction,Skilled Worker / Labour
2026-07-06,W-004,Worker 04,Masonry,Tile Work,Regular,P,8,0,0,0,No,Safety Helmet; Safety Shoes; High-Visibility Vest; Task-Specific Gloves,500000,Toolbox Talk / Site Safety Induction,Skilled Worker / Labour
2026-07-07,W-004,Worker 04,Masonry,Tile Work,Regular,P,8,0,0,0,No,Safety Helmet; Safety Shoes; High-Visibility Vest; Task-Specific Gloves,500000,Toolbox Talk / Site Safety Induction,Skilled Worker / Labour
2026-07-08,W-004,Worker 04,Masonry,Tile Work,Regular,P,8,0,0,0,No,Safety Helmet; Safety Shoes; High-Visibility Vest; Task-Specific Gloves,500000,Toolbox Talk / Site Safety Induction,Skilled Worker / Labour
2026-07-09,W-004,Worker 04,Masonry,Tile Work,Regular,P,8,0,0,0,No,Safety Helmet; Safety Shoes; High-Visibility Vest; Task-Specific Gloves,500000,Toolbox Talk / Site Safety Induction,Skilled Worker / Labour
2026-07-10,W-004,Worker 04,Masonry,Tile Work,Regular,P,8,0,0,0,No,Safety Helmet; Safety Shoes; High-Visibility Vest; Task-Specific Gloves,500000,Toolbox Talk / Site Safety Induction,Skilled Worker / Labour
2026-07-11,W-004,Worker 04,Masonry,Tile Work,Regular,P,8,0,0,0,No,Safety Helmet; Safety Shoes; High-Visibility Vest; Task-Specific Gloves,500000,Toolbox Talk / Site Safety Induction,Skilled Worker / Labour
2026-07-12,W-004,Worker 04,Masonry,Tile Work,Regular,H,0,0,0,0,Yes,Safety Helmet; Safety Shoes; High-Visibility Vest; Task-Specific Gloves,500000,Toolbox Talk / Site Safety Induction,Skilled Worker / Labour
2026-07-13,W-004,Worker 04,Masonry,Tile Work,Regular,P,8,0,0,0,No,Safety Helmet; Safety Shoes; High-Visibility Vest; Task-Specific Gloves,500000,Toolbox Talk / Site Safety Induction,Skilled Worker / Labour
2026-07-14,W-004,Worker 04,Masonry,Tile Work,Regular,P,8,0,0,0,No,Safety Helmet; Safety Shoes; High-Visibility Vest; Task-Specific Gloves,500000,Toolbox Talk / Site Safety Induction,Skilled Worker / Labour
2026-07-15,W-004,Worker 04,Masonry,Tile Work,Regular,P,8,0,0,0,No,Safety Helmet; Safety Shoes; High-Visibility Vest; Task-Specific Gloves,500000,Toolbox Talk / Site Safety Induction,Skilled Worker / Labour
2026-07-16,W-004,Worker 04,Masonry,Tile Work,Regular,P,8,0,0,0,No,Safety Helmet; Safety Shoes; High-Visibility Vest; Task-Specific Gloves,500000,Toolbox Talk / Site Safety Induction,Skilled Worker / Labour
2026-07-17,W-004,Worker 04,Masonry,Tile Work,Regular,P,8,0,0,0,No,Safety Helmet; Safety Shoes; High-Visibility Vest; Task-Specific Gloves,500000,Toolbox Talk / Site Safety Induction,Skilled Worker / Labour
2026-07-18,W-004,Worker 04,Masonry,Tile Work,Regular,P,8,0,0,0,No,Safety Helmet; Safety Shoes; High-Visibility Vest; Task-Specific Gloves,500000,Toolbox Talk / Site Safety Induction,Skilled Worker / Labour
2026-07-19,W-004,Worker 04,Masonry,Tile Work,Regular,H,0,0,0,0,Yes,Safety Helmet; Safety Shoes; High-Visibility Vest; Task-Specific Gloves,500000,Toolbox Talk / Site Safety Induction,Skilled Worker / Labour
2026-07-20,W-004,Worker 04,Masonry,Tile Work,Regular,P,8,0,0,0,No,Safety Helmet; Safety Shoes; High-Visibility Vest; Task-Specific Gloves,500000,Toolbox Talk / Site Safety Induction,Skilled Worker / Labour
2026-07-21,W-004,Worker 04,Masonry,Tile Work,Regular,P,8,0,0,0,No,Safety Helmet; Safety Shoes; High-Visibility Vest; Task-Specific Gloves,500000,Toolbox Talk / Site Safety Induction,Skilled Worker / Labour
2026-07-22,W-004,Worker 04,Masonry,Tile Work,Regular,P,8,0,0,0,No,Safety Helmet; Safety Shoes; High-Visibility Vest; Task-Specific Gloves,500000,Toolbox Talk / Site Safety Induction,Skilled Worker / Labour
2026-07-23,W-004,Worker 04,Masonry,Tile Work,Regular,P,8,0,0,0,No,Safety Helmet; Safety Shoes; High-Visibility Vest; Task-Specific Gloves,500000,Toolbox Talk / Site Safety Induction,Skilled Worker / Labour
2026-07-24,W-004,Worker 04,Masonry,Tile Work,Regular,P,8,0,0,0,No,Safety Helmet; Safety Shoes; High-Visibility Vest; Task-Specific Gloves,500000,Toolbox Talk / Site Safety Induction,Skilled Worker / Labour
2026-07-25,W-004,Worker 04,Masonry,Tile Work,Regular,P,8,0,0,0,No,Safety Helmet; Safety Shoes; High-Visibility Vest; Task-Specific Gloves,500000,Toolbox Talk / Site Safety Induction,Skilled Worker / Labour
2026-07-26,W-004,Worker 04,Masonry,Tile Work,Regular,H,0,0,0,0,Yes,Safety Helmet; Safety Shoes; High-Visibility Vest; Task-Specific Gloves,500000,Toolbox Talk / Site Safety Induction,Skilled Worker / Labour
2026-07-27,W-004,Worker 04,Masonry,Tile Work,Regular,P,8,0,0,0,No,Safety Helmet; Safety Shoes; High-Visibility Vest; Task-Specific Gloves,500000,Toolbox Talk / Site Safety Induction,Skilled Worker / Labour
2026-07-28,W-004,Worker 04,Masonry,Tile Work,Regular,P,8,0,0,0,No,Safety Helmet; Safety Shoes; High-Visibility Vest; Task-Specific Gloves,500000,Toolbox Talk / Site Safety Induction,Skilled Worker / Labour
2026-07-29,W-004,Worker 04,Masonry,Tile Work,Regular,P,8,0,0,0,No,Safety Helmet; Safety Shoes; High-Visibility Vest; Task-Specific Gloves,500000,Toolbox Talk / Site Safety Induction,Skilled Worker / Labour
2026-07-30,W-004,Worker 04,Masonry,Tile Work,Regular,P,8,0,0,0,No,Safety Helmet; Safety Shoes; High-Visibility Vest; Task-Specific Gloves,500000,Toolbox Talk / Site Safety Induction,Skilled Worker / Labour
2026-07-01,W-005,Worker 05,Masonry,Concrete Finishing,Regular,P,8,0,0,0,No,Safety Helmet; Safety Shoes; High-Visibility Vest; Task-Specific Gloves,500000,Toolbox Talk / Site Safety Induction,Skilled Worker / Labour
2026-07-02,W-005,Worker 05,Masonry,Concrete Finishing,Regular,P,8,0,0,0,No,Safety Helmet; Safety Shoes; High-Visibility Vest; Task-Specific Gloves,500000,Toolbox Talk / Site Safety Induction,Skilled Worker / Labour
2026-07-03,W-005,Worker 05,Masonry,Concrete Finishing,Regular,P,8,0,0,0,No,Safety Helmet; Safety Shoes; High-Visibility Vest; Task-Specific Gloves,500000,Toolbox Talk / Site Safety Induction,Skilled Worker / Labour
2026-07-04,W-005,Worker 05,Masonry,Concrete Finishing,Regular,P,8,0,0,0,No,Safety Helmet; Safety Shoes; High-Visibility Vest; Task-Specific Gloves,500000,Toolbox Talk / Site Safety Induction,Skilled Worker / Labour
2026-07-05,W-005,Worker 05,Masonry,Concrete Finishing,Regular,H,0,0,0,0,Yes,Safety Helmet; Safety Shoes; High-Visibility Vest; Task-Specific Gloves,500000,Toolbox Talk / Site Safety Induction,Skilled Worker / Labour
2026-07-06,W-005,Worker 05,Masonry,Concrete Finishing,Regular,P,8,0,0,0,No,Safety Helmet; Safety Shoes; High-Visibility Vest; Task-Specific Gloves,500000,Toolbox Talk / Site Safety Induction,Skilled Worker / Labour
2026-07-07,W-005,Worker 05,Masonry,Concrete Finishing,Regular,P,8,0,0,0,No,Safety Helmet; Safety Shoes; High-Visibility Vest; Task-Specific Gloves,500000,Toolbox Talk / Site Safety Induction,Skilled Worker / Labour
2026-07-08,W-005,Worker 05,Masonry,Concrete Finishing,Regular,P,8,0,0,0,No,Safety Helmet; Safety Shoes; High-Visibility Vest; Task-Specific Gloves,500000,Toolbox Talk / Site Safety Induction,Skilled Worker / Labour
2026-07-09,W-005,Worker 05,Masonry,Concrete Finishing,Regular,P,8,0,0,0,No,Safety Helmet; Safety Shoes; High-Visibility Vest; Task-Specific Gloves,500000,Toolbox Talk / Site Safety Induction,Skilled Worker / Labour
2026-07-10,W-005,Worker 05,Masonry,Concrete Finishing,Regular,P,8,0,0,0,No,Safety Helmet; Safety Shoes; High-Visibility Vest; Task-Specific Gloves,500000,Toolbox Talk / Site Safety Induction,Skilled Worker / Labour
2026-07-11,W-005,Worker 05,Masonry,Concrete Finishing,Regular,P,8,0,0,0,No,Safety Helmet; Safety Shoes; High-Visibility Vest; Task-Specific Gloves,500000,Toolbox Talk / Site Safety Induction,Skilled Worker / Labour
2026-07-12,W-005,Worker 05,Masonry,Concrete Finishing,Regular,H,0,0,0,0,Yes,Safety Helmet; Safety Shoes; High-Visibility Vest; Task-Specific Gloves,500000,Toolbox Talk / Site Safety Induction,Skilled Worker / Labour
2026-07-13,W-005,Worker 05,Masonry,Concrete Finishing,Regular,P,8,0,0,0,No,Safety Helmet; Safety Shoes; High-Visibility Vest; Task-Specific Gloves,500000,Toolbox Talk / Site Safety Induction,Skilled Worker / Labour
2026-07-14,W-005,Worker 05,Masonry,Concrete Finishing,Regular,P,8,0,0,0,No,Safety Helmet; Safety Shoes; High-Visibility Vest; Task-Specific Gloves,500000,Toolbox Talk / Site Safety Induction,Skilled Worker / Labour
2026-07-15,W-005,Worker 05,Masonry,Concrete Finishing,Regular,P,8,0,0,0,No,Safety Helmet; Safety Shoes; High-Visibility Vest; Task-Specific Gloves,500000,Toolbox Talk / Site Safety Induction,Skilled Worker / Labour
2026-07-16,W-005,Worker 05,Masonry,Concrete Finishing,Regular,P,8,0,0,0,No,Safety Helmet; Safety Shoes; High-Visibility Vest; Task-Specific Gloves,500000,Toolbox Talk / Site Safety Induction,Skilled Worker / Labour
2026-07-17,W-005,Worker 05,Masonry,Concrete Finishing,Regular,P,8,0,0,0,No,Safety Helmet; Safety Shoes; High-Visibility Vest; Task-Specific Gloves,500000,Toolbox Talk / Site Safety Induction,Skilled Worker / Labour
2026-07-18,W-005,Worker 05,Masonry,Concrete Finishing,Regular,P,8,0,0,0,No,Safety Helmet; Safety Shoes; High-Visibility Vest; Task-Specific Gloves,500000,Toolbox Talk / Site Safety Induction,Skilled Worker / Labour
2026-07-19,W-005,Worker 05,Masonry,Concrete Finishing,Regular,H,0,0,0,0,Yes,Safety Helmet; Safety Shoes; High-Visibility Vest; Task-Specific Gloves,500000,Toolbox Talk / Site Safety Induction,Skilled Worker / Labour
2026-07-20,W-005,Worker 05,Masonry,Concrete Finishing,Regular,P,8,0,0,0,No,Safety Helmet; Safety Shoes; High-Visibility Vest; Task-Specific Gloves,500000,Toolbox Talk / Site Safety Induction,Skilled Worker / Labour
2026-07-21,W-005,Worker 05,Masonry,Concrete Finishing,Regular,P,8,0,0,0,No,Safety Helmet; Safety Shoes; High-Visibility Vest; Task-Specific Gloves,500000,Toolbox Talk / Site Safety Induction,Skilled Worker / Labour
2026-07-22,W-005,Worker 05,Masonry,Concrete Finishing,Regular,P,8,0,0,0,No,Safety Helmet; Safety Shoes; High-Visibility Vest; Task-Specific Gloves,500000,Toolbox Talk / Site Safety Induction,Skilled Worker / Labour
2026-07-23,W-005,Worker 05,Masonry,Concrete Finishing,Regular,P,8,0,0,0,No,Safety Helmet; Safety Shoes; High-Visibility Vest; Task-Specific Gloves,500000,Toolbox Talk / Site Safety Induction,Skilled Worker / Labour
2026-07-24,W-005,Worker 05,Masonry,Concrete Finishing,Regular,P,8,0,0,0,No,Safety Helmet; Safety Shoes; High-Visibility Vest; Task-Specific Gloves,500000,Toolbox Talk / Site Safety Induction,Skilled Worker / Labour
2026-07-25,W-005,Worker 05,Masonry,Concrete Finishing,Regular,A,0,0,0,0,No,Safety Helmet; Safety Shoes; High-Visibility Vest; Task-Specific Gloves,500000,Toolbox Talk / Site Safety Induction,Skilled Worker / Labour
2026-07-26,W-005,Worker 05,Masonry,Concrete Finishing,Regular,H,0,0,0,0,Yes,Safety Helmet; Safety Shoes; High-Visibility Vest; Task-Specific Gloves,500000,Toolbox Talk / Site Safety Induction,Skilled Worker / Labour
2026-07-27,W-005,Worker 05,Masonry,Concrete Finishing,Regular,P,8,0,0,0,No,Safety Helmet; Safety Shoes; High-Visibility Vest; Task-Specific Gloves,500000,Toolbox Talk / Site Safety Induction,Skilled Worker / Labour
2026-07-28,W-005,Worker 05,Masonry,Concrete Finishing,Regular,P,8,0,0,0,No,Safety Helmet; Safety Shoes; High-Visibility Vest; Task-Specific Gloves,500000,Toolbox Talk / Site Safety Induction,Skilled Worker / Labour
2026-07-29,W-005,Worker 05,Masonry,Concrete Finishing,Regular,P,8,0,0,0,No,Safety Helmet; Safety Shoes; High-Visibility Vest; Task-Specific Gloves,500000,Toolbox Talk / Site Safety Induction,Skilled Worker / Labour
2026-07-30,W-005,Worker 05,Masonry,Concrete Finishing,Regular,P,8,0,0,0,No,Safety Helmet; Safety Shoes; High-Visibility Vest; Task-Specific Gloves,500000,Toolbox Talk / Site Safety Induction,Skilled Worker / Labour
2026-07-01,W-006,Worker 06,Carpentry,Formwork,Regular,P,8,0,0,0,No,Safety Helmet; Safety Shoes; High-Visibility Vest; Task-Specific Gloves,500000,Toolbox Talk / Site Safety Induction,Skilled Worker / Labour
2026-07-02,W-006,Worker 06,Carpentry,Formwork,Regular,P,8,0,0,0,No,Safety Helmet; Safety Shoes; High-Visibility Vest; Task-Specific Gloves,500000,Toolbox Talk / Site Safety Induction,Skilled Worker / Labour
2026-07-03,W-006,Worker 06,Carpentry,Formwork,Regular,P,8,0,0,0,No,Safety Helmet; Safety Shoes; High-Visibility Vest; Task-Specific Gloves,500000,Toolbox Talk / Site Safety Induction,Skilled Worker / Labour
2026-07-04,W-006,Worker 06,Carpentry,Formwork,Regular,P,8,0,0,0,No,Safety Helmet; Safety Shoes; High-Visibility Vest; Task-Specific Gloves,500000,Toolbox Talk / Site Safety Induction,Skilled Worker / Labour
2026-07-05,W-006,Worker 06,Carpentry,Formwork,Regular,H,0,0,0,0,Yes,Safety Helmet; Safety Shoes; High-Visibility Vest; Task-Specific Gloves,500000,Toolbox Talk / Site Safety Induction,Skilled Worker / Labour
2026-07-06,W-006,Worker 06,Carpentry,Formwork,Regular,P,8,0,0,0,No,Safety Helmet; Safety Shoes; High-Visibility Vest; Task-Specific Gloves,500000,Toolbox Talk / Site Safety Induction,Skilled Worker / Labour
2026-07-07,W-006,Worker 06,Carpentry,Formwork,Regular,P,8,0,0,0,No,Safety Helmet; Safety Shoes; High-Visibility Vest; Task-Specific Gloves,500000,Toolbox Talk / Site Safety Induction,Skilled Worker / Labour
2026-07-08,W-006,Worker 06,Carpentry,Formwork,Regular,P,8,0,0,0,No,Safety Helmet; Safety Shoes; High-Visibility Vest; Task-Specific Gloves,500000,Toolbox Talk / Site Safety Induction,Skilled Worker / Labour
2026-07-09,W-006,Worker 06,Carpentry,Formwork,Regular,P,8,0,0,0,No,Safety Helmet; Safety Shoes; High-Visibility Vest; Task-Specific Gloves,500000,Toolbox Talk / Site Safety Induction,Skilled Worker / Labour
2026-07-10,W-006,Worker 06,Carpentry,Formwork,Regular,P,8,0,0,0,No,Safety Helmet; Safety Shoes; High-Visibility Vest; Task-Specific Gloves,500000,Toolbox Talk / Site Safety Induction,Skilled Worker / Labour
2026-07-11,W-006,Worker 06,Carpentry,Formwork,Regular,P,8,0,0,0,No,Safety Helmet; Safety Shoes; High-Visibility Vest; Task-Specific Gloves,500000,Toolbox Talk / Site Safety Induction,Skilled Worker / Labour
2026-07-12,W-006,Worker 06,Carpentry,Formwork,Regular,H,0,0,0,0,Yes,Safety Helmet; Safety Shoes; High-Visibility Vest; Task-Specific Gloves,500000,Toolbox Talk / Site Safety Induction,Skilled Worker / Labour
2026-07-13,W-006,Worker 06,Carpentry,Formwork,Regular,P,8,0,0,0,No,Safety Helmet; Safety Shoes; High-Visibility Vest; Task-Specific Gloves,500000,Toolbox Talk / Site Safety Induction,Skilled Worker / Labour
2026-07-14,W-006,Worker 06,Carpentry,Formwork,Regular,P,8,0,0,0,No,Safety Helmet; Safety Shoes; High-Visibility Vest; Task-Specific Gloves,500000,Toolbox Talk / Site Safety Induction,Skilled Worker / Labour
2026-07-15,W-006,Worker 06,Carpentry,Formwork,Regular,P,8,0,0,0,No,Safety Helmet; Safety Shoes; High-Visibility Vest; Task-Specific Gloves,500000,Toolbox Talk / Site Safety Induction,Skilled Worker / Labour
2026-07-16,W-006,Worker 06,Carpentry,Formwork,Regular,P,8,0,0,0,No,Safety Helmet; Safety Shoes; High-Visibility Vest; Task-Specific Gloves,500000,Toolbox Talk / Site Safety Induction,Skilled Worker / Labour
2026-07-17,W-006,Worker 06,Carpentry,Formwork,Regular,P,8,0,0,0,No,Safety Helmet; Safety Shoes; High-Visibility Vest; Task-Specific Gloves,500000,Toolbox Talk / Site Safety Induction,Skilled Worker / Labour
2026-07-18,W-006,Worker 06,Carpentry,Formwork,Regular,P,8,0,0,0,No,Safety Helmet; Safety Shoes; High-Visibility Vest; Task-Specific Gloves,500000,Toolbox Talk / Site Safety Induction,Skilled Worker / Labour
2026-07-19,W-006,Worker 06,Carpentry,Formwork,Regular,H,0,0,0,0,Yes,Safety Helmet; Safety Shoes; High-Visibility Vest; Task-Specific Gloves,500000,Toolbox Talk / Site Safety Induction,Skilled Worker / Labour
2026-07-20,W-006,Worker 06,Carpentry,Formwork,Regular,P,8,0,0,0,No,Safety Helmet; Safety Shoes; High-Visibility Vest; Task-Specific Gloves,500000,Toolbox Talk / Site Safety Induction,Skilled Worker / Labour
2026-07-21,W-006,Worker 06,Carpentry,Formwork,Regular,P,8,0,0,0,No,Safety Helmet; Safety Shoes; High-Visibility Vest; Task-Specific Gloves,500000,Toolbox Talk / Site Safety Induction,Skilled Worker / Labour
2026-07-22,W-006,Worker 06,Carpentry,Formwork,Regular,P,8,0,0,0,No,Safety Helmet; Safety Shoes; High-Visibility Vest; Task-Specific Gloves,500000,Toolbox Talk / Site Safety Induction,Skilled Worker / Labour
2026-07-23,W-006,Worker 06,Carpentry,Formwork,Regular,P,8,0,0,0,No,Safety Helmet; Safety Shoes; High-Visibility Vest; Task-Specific Gloves,500000,Toolbox Talk / Site Safety Induction,Skilled Worker / Labour
2026-07-24,W-006,Worker 06,Carpentry,Formwork,Regular,A,0,0,0,0,No,Safety Helmet; Safety Shoes; High-Visibility Vest; Task-Specific Gloves,500000,Toolbox Talk / Site Safety Induction,Skilled Worker / Labour
2026-07-25,W-006,Worker 06,Carpentry,Formwork,Regular,P,8,0,0,0,No,Safety Helmet; Safety Shoes; High-Visibility Vest; Task-Specific Gloves,500000,Toolbox Talk / Site Safety Induction,Skilled Worker / Labour
2026-07-26,W-006,Worker 06,Carpentry,Formwork,Regular,H,0,0,0,0,Yes,Safety Helmet; Safety Shoes; High-Visibility Vest; Task-Specific Gloves,500000,Toolbox Talk / Site Safety Induction,Skilled Worker / Labour
2026-07-27,W-006,Worker 06,Carpentry,Formwork,Regular,P,8,0,0,0,No,Safety Helmet; Safety Shoes; High-Visibility Vest; Task-Specific Gloves,500000,Toolbox Talk / Site Safety Induction,Skilled Worker / Labour
2026-07-28,W-006,Worker 06,Carpentry,Formwork,Regular,P,8,0,0,0,No,Safety Helmet; Safety Shoes; High-Visibility Vest; Task-Specific Gloves,500000,Toolbox Talk / Site Safety Induction,Skilled Worker / Labour
2026-07-29,W-006,Worker 06,Carpentry,Formwork,Regular,P,8,0,0,0,No,Safety Helmet; Safety Shoes; High-Visibility Vest; Task-Specific Gloves,500000,Toolbox Talk / Site Safety Induction,Skilled Worker / Labour
2026-07-30,W-006,Worker 06,Carpentry,Formwork,Regular,P,8,0,0,0,No,Safety Helmet; Safety Shoes; High-Visibility Vest; Task-Specific Gloves,500000,Toolbox Talk / Site Safety Induction,Skilled Worker / Labour
2026-07-01,W-007,Worker 07,Carpentry,Shuttering,Regular,P,8,0,0,0,No,Safety Helmet; Safety Shoes; High-Visibility Vest; Task-Specific Gloves,500000,Toolbox Talk / Site Safety Induction,Skilled Worker / Labour
2026-07-02,W-007,Worker 07,Carpentry,Shuttering,Regular,P,8,0,0,0,No,Safety Helmet; Safety Shoes; High-Visibility Vest; Task-Specific Gloves,500000,Toolbox Talk / Site Safety Induction,Skilled Worker / Labour
2026-07-03,W-007,Worker 07,Carpentry,Shuttering,Regular,P,8,0,0,0,No,Safety Helmet; Safety Shoes; High-Visibility Vest; Task-Specific Gloves,500000,Toolbox Talk / Site Safety Induction,Skilled Worker / Labour
2026-07-04,W-007,Worker 07,Carpentry,Shuttering,Regular,P,8,0,0,0,No,Safety Helmet; Safety Shoes; High-Visibility Vest; Task-Specific Gloves,500000,Toolbox Talk / Site Safety Induction,Skilled Worker / Labour
2026-07-05,W-007,Worker 07,Carpentry,Shuttering,Regular,H,0,0,0,0,Yes,Safety Helmet; Safety Shoes; High-Visibility Vest; Task-Specific Gloves,500000,Toolbox Talk / Site Safety Induction,Skilled Worker / Labour
2026-07-06,W-007,Worker 07,Carpentry,Shuttering,Regular,P,8,0,0,0,No,Safety Helmet; Safety Shoes; High-Visibility Vest; Task-Specific Gloves,500000,Toolbox Talk / Site Safety Induction,Skilled Worker / Labour
2026-07-07,W-007,Worker 07,Carpentry,Shuttering,Regular,P,8,0,0,0,No,Safety Helmet; Safety Shoes; High-Visibility Vest; Task-Specific Gloves,500000,Toolbox Talk / Site Safety Induction,Skilled Worker / Labour
2026-07-08,W-007,Worker 07,Carpentry,Shuttering,Regular,P,8,0,0,0,No,Safety Helmet; Safety Shoes; High-Visibility Vest; Task-Specific Gloves,500000,Toolbox Talk / Site Safety Induction,Skilled Worker / Labour
2026-07-09,W-007,Worker 07,Carpentry,Shuttering,Regular,P,8,0,0,0,No,Safety Helmet; Safety Shoes; High-Visibility Vest; Task-Specific Gloves,500000,Toolbox Talk / Site Safety Induction,Skilled Worker / Labour
2026-07-10,W-007,Worker 07,Carpentry,Shuttering,Regular,P,8,0,0,0,No,Safety Helmet; Safety Shoes; High-Visibility Vest; Task-Specific Gloves,500000,Toolbox Talk / Site Safety Induction,Skilled Worker / Labour
2026-07-11,W-007,Worker 07,Carpentry,Shuttering,Regular,P,8,0,0,0,No,Safety Helmet; Safety Shoes; High-Visibility Vest; Task-Specific Gloves,500000,Toolbox Talk / Site Safety Induction,Skilled Worker / Labour
2026-07-12,W-007,Worker 07,Carpentry,Shuttering,Regular,H,0,0,0,0,Yes,Safety Helmet; Safety Shoes; High-Visibility Vest; Task-Specific Gloves,500000,Toolbox Talk / Site Safety Induction,Skilled Worker / Labour
2026-07-13,W-007,Worker 07,Carpentry,Shuttering,Regular,P,8,0,0,0,No,Safety Helmet; Safety Shoes; High-Visibility Vest; Task-Specific Gloves,500000,Toolbox Talk / Site Safety Induction,Skilled Worker / Labour
2026-07-14,W-007,Worker 07,Carpentry,Shuttering,Regular,P,8,0,0,0,No,Safety Helmet; Safety Shoes; High-Visibility Vest; Task-Specific Gloves,500000,Toolbox Talk / Site Safety Induction,Skilled Worker / Labour
2026-07-15,W-007,Worker 07,Carpentry,Shuttering,Regular,P,8,0,0,0,No,Safety Helmet; Safety Shoes; High-Visibility Vest; Task-Specific Gloves,500000,Toolbox Talk / Site Safety Induction,Skilled Worker / Labour
2026-07-16,W-007,Worker 07,Carpentry,Shuttering,Regular,P,8,0,0,0,No,Safety Helmet; Safety Shoes; High-Visibility Vest; Task-Specific Gloves,500000,Toolbox Talk / Site Safety Induction,Skilled Worker / Labour
2026-07-17,W-007,Worker 07,Carpentry,Shuttering,Regular,P,8,0,0,0,No,Safety Helmet; Safety Shoes; High-Visibility Vest; Task-Specific Gloves,500000,Toolbox Talk / Site Safety Induction,Skilled Worker / Labour
2026-07-18,W-007,Worker 07,Carpentry,Shuttering,Regular,P,8,0,0,0,No,Safety Helmet; Safety Shoes; High-Visibility Vest; Task-Specific Gloves,500000,Toolbox Talk / Site Safety Induction,Skilled Worker / Labour
2026-07-19,W-007,Worker 07,Carpentry,Shuttering,Regular,H,0,0,0,0,Yes,Safety Helmet; Safety Shoes; High-Visibility Vest; Task-Specific Gloves,500000,Toolbox Talk / Site Safety Induction,Skilled Worker / Labour
2026-07-20,W-007,Worker 07,Carpentry,Shuttering,Regular,P,8,0,0,0,No,Safety Helmet; Safety Shoes; High-Visibility Vest; Task-Specific Gloves,500000,Toolbox Talk / Site Safety Induction,Skilled Worker / Labour
2026-07-21,W-007,Worker 07,Carpentry,Shuttering,Regular,P,8,0,0,0,No,Safety Helmet; Safety Shoes; High-Visibility Vest; Task-Specific Gloves,500000,Toolbox Talk / Site Safety Induction,Skilled Worker / Labour
2026-07-22,W-007,Worker 07,Carpentry,Shuttering,Regular,P,8,0,0,0,No,Safety Helmet; Safety Shoes; High-Visibility Vest; Task-Specific Gloves,500000,Toolbox Talk / Site Safety Induction,Skilled Worker / Labour
2026-07-23,W-007,Worker 07,Carpentry,Shuttering,Regular,A,0,0,0,0,No,Safety Helmet; Safety Shoes; High-Visibility Vest; Task-Specific Gloves,500000,Toolbox Talk / Site Safety Induction,Skilled Worker / Labour
2026-07-24,W-007,Worker 07,Carpentry,Shuttering,Regular,P,8,0,0,0,No,Safety Helmet; Safety Shoes; High-Visibility Vest; Task-Specific Gloves,500000,Toolbox Talk / Site Safety Induction,Skilled Worker / Labour
2026-07-25,W-007,Worker 07,Carpentry,Shuttering,Regular,P,8,0,0,0,No,Safety Helmet; Safety Shoes; High-Visibility Vest; Task-Specific Gloves,500000,Toolbox Talk / Site Safety Induction,Skilled Worker / Labour
2026-07-26,W-007,Worker 07,Carpentry,Shuttering,Regular,H,0,0,0,0,Yes,Safety Helmet; Safety Shoes; High-Visibility Vest; Task-Specific Gloves,500000,Toolbox Talk / Site Safety Induction,Skilled Worker / Labour
2026-07-27,W-007,Worker 07,Carpentry,Shuttering,Regular,P,8,0,0,0,No,Safety Helmet; Safety Shoes; High-Visibility Vest; Task-Specific Gloves,500000,Toolbox Talk / Site Safety Induction,Skilled Worker / Labour
2026-07-28,W-007,Worker 07,Carpentry,Shuttering,Regular,P,8,0,0,0,No,Safety Helmet; Safety Shoes; High-Visibility Vest; Task-Specific Gloves,500000,Toolbox Talk / Site Safety Induction,Skilled Worker / Labour
2026-07-29,W-007,Worker 07,Carpentry,Shuttering,Regular,P,8,0,0,0,No,Safety Helmet; Safety Shoes; High-Visibility Vest; Task-Specific Gloves,500000,Toolbox Talk / Site Safety Induction,Skilled Worker / Labour
2026-07-30,W-007,Worker 07,Carpentry,Shuttering,Regular,P,8,0,0,0,No,Safety Helmet; Safety Shoes; High-Visibility Vest; Task-Specific Gloves,500000,Toolbox Talk / Site Safety Induction,Skilled Worker / Labour
2026-07-01,W-008,Worker 08,Carpentry,Scaffolding,Regular,P,8,0,0,0,No,Safety Helmet; Safety Shoes; High-Visibility Vest; Task-Specific Gloves,500000,Toolbox Talk / Site Safety Induction,Skilled Worker / Labour
2026-07-02,W-008,Worker 08,Carpentry,Scaffolding,Regular,P,8,0,0,0,No,Safety Helmet; Safety Shoes; High-Visibility Vest; Task-Specific Gloves,500000,Toolbox Talk / Site Safety Induction,Skilled Worker / Labour
2026-07-03,W-008,Worker 08,Carpentry,Scaffolding,Regular,P,8,0,0,0,No,Safety Helmet; Safety Shoes; High-Visibility Vest; Task-Specific Gloves,500000,Toolbox Talk / Site Safety Induction,Skilled Worker / Labour
2026-07-04,W-008,Worker 08,Carpentry,Scaffolding,Regular,P,8,0,0,0,No,Safety Helmet; Safety Shoes; High-Visibility Vest; Task-Specific Gloves,500000,Toolbox Talk / Site Safety Induction,Skilled Worker / Labour
2026-07-05,W-008,Worker 08,Carpentry,Scaffolding,Regular,H,0,0,0,0,Yes,Safety Helmet; Safety Shoes; High-Visibility Vest; Task-Specific Gloves,500000,Toolbox Talk / Site Safety Induction,Skilled Worker / Labour
2026-07-06,W-008,Worker 08,Carpentry,Scaffolding,Regular,P,8,0,0,0,No,Safety Helmet; Safety Shoes; High-Visibility Vest; Task-Specific Gloves,500000,Toolbox Talk / Site Safety Induction,Skilled Worker / Labour
2026-07-07,W-008,Worker 08,Carpentry,Scaffolding,Regular,P,8,0,0,0,No,Safety Helmet; Safety Shoes; High-Visibility Vest; Task-Specific Gloves,500000,Toolbox Talk / Site Safety Induction,Skilled Worker / Labour
2026-07-08,W-008,Worker 08,Carpentry,Scaffolding,Regular,P,8,0,0,0,No,Safety Helmet; Safety Shoes; High-Visibility Vest; Task-Specific Gloves,500000,Toolbox Talk / Site Safety Induction,Skilled Worker / Labour
2026-07-09,W-008,Worker 08,Carpentry,Scaffolding,Regular,P,8,0,0,0,No,Safety Helmet; Safety Shoes; High-Visibility Vest; Task-Specific Gloves,500000,Toolbox Talk / Site Safety Induction,Skilled Worker / Labour
2026-07-10,W-008,Worker 08,Carpentry,Scaffolding,Regular,P,8,0,0,0,No,Safety Helmet; Safety Shoes; High-Visibility Vest; Task-Specific Gloves,500000,Toolbox Talk / Site Safety Induction,Skilled Worker / Labour
2026-07-11,W-008,Worker 08,Carpentry,Scaffolding,Regular,P,8,0,0,0,No,Safety Helmet; Safety Shoes; High-Visibility Vest; Task-Specific Gloves,500000,Toolbox Talk / Site Safety Induction,Skilled Worker / Labour
2026-07-12,W-008,Worker 08,Carpentry,Scaffolding,Regular,H,0,0,0,0,Yes,Safety Helmet; Safety Shoes; High-Visibility Vest; Task-Specific Gloves,500000,Toolbox Talk / Site Safety Induction,Skilled Worker / Labour
2026-07-13,W-008,Worker 08,Carpentry,Scaffolding,Regular,P,8,0,0,0,No,Safety Helmet; Safety Shoes; High-Visibility Vest; Task-Specific Gloves,500000,Toolbox Talk / Site Safety Induction,Skilled Worker / Labour
2026-07-14,W-008,Worker 08,Carpentry,Scaffolding,Regular,P,8,0,0,0,No,Safety Helmet; Safety Shoes; High-Visibility Vest; Task-Specific Gloves,500000,Toolbox Talk / Site Safety Induction,Skilled Worker / Labour
2026-07-15,W-008,Worker 08,Carpentry,Scaffolding,Regular,P,8,0,0,0,No,Safety Helmet; Safety Shoes; High-Visibility Vest; Task-Specific Gloves,500000,Toolbox Talk / Site Safety Induction,Skilled Worker / Labour
2026-07-16,W-008,Worker 08,Carpentry,Scaffolding,Regular,P,8,0,0,0,No,Safety Helmet; Safety Shoes; High-Visibility Vest; Task-Specific Gloves,500000,Toolbox Talk / Site Safety Induction,Skilled Worker / Labour
2026-07-17,W-008,Worker 08,Carpentry,Scaffolding,Regular,P,8,0,0,0,No,Safety Helmet; Safety Shoes; High-Visibility Vest; Task-Specific Gloves,500000,Toolbox Talk / Site Safety Induction,Skilled Worker / Labour
2026-07-18,W-008,Worker 08,Carpentry,Scaffolding,Regular,P,8,0,0,0,No,Safety Helmet; Safety Shoes; High-Visibility Vest; Task-Specific Gloves,500000,Toolbox Talk / Site Safety Induction,Skilled Worker / Labour
2026-07-19,W-008,Worker 08,Carpentry,Scaffolding,Regular,H,0,0,0,0,Yes,Safety Helmet; Safety Shoes; High-Visibility Vest; Task-Specific Gloves,500000,Toolbox Talk / Site Safety Induction,Skilled Worker / Labour
2026-07-20,W-008,Worker 08,Carpentry,Scaffolding,Regular,P,8,0,0,0,No,Safety Helmet; Safety Shoes; High-Visibility Vest; Task-Specific Gloves,500000,Toolbox Talk / Site Safety Induction,Skilled Worker / Labour
2026-07-21,W-008,Worker 08,Carpentry,Scaffolding,Regular,P,8,0,0,0,No,Safety Helmet; Safety Shoes; High-Visibility Vest; Task-Specific Gloves,500000,Toolbox Talk / Site Safety Induction,Skilled Worker / Labour
2026-07-22,W-008,Worker 08,Carpentry,Scaffolding,Regular,A,0,0,0,0,No,Safety Helmet; Safety Shoes; High-Visibility Vest; Task-Specific Gloves,500000,Toolbox Talk / Site Safety Induction,Skilled Worker / Labour
2026-07-23,W-008,Worker 08,Carpentry,Scaffolding,Regular,P,8,0,0,0,No,Safety Helmet; Safety Shoes; High-Visibility Vest; Task-Specific Gloves,500000,Toolbox Talk / Site Safety Induction,Skilled Worker / Labour
2026-07-24,W-008,Worker 08,Carpentry,Scaffolding,Regular,P,8,0,0,0,No,Safety Helmet; Safety Shoes; High-Visibility Vest; Task-Specific Gloves,500000,Toolbox Talk / Site Safety Induction,Skilled Worker / Labour
2026-07-25,W-008,Worker 08,Carpentry,Scaffolding,Regular,P,8,0,0,0,No,Safety Helmet; Safety Shoes; High-Visibility Vest; Task-Specific Gloves,500000,Toolbox Talk / Site Safety Induction,Skilled Worker / Labour
2026-07-26,W-008,Worker 08,Carpentry,Scaffolding,Regular,H,0,0,0,0,Yes,Safety Helmet; Safety Shoes; High-Visibility Vest; Task-Specific Gloves,500000,Toolbox Talk / Site Safety Induction,Skilled Worker / Labour
2026-07-27,W-008,Worker 08,Carpentry,Scaffolding,Regular,P,8,0,0,0,No,Safety Helmet; Safety Shoes; High-Visibility Vest; Task-Specific Gloves,500000,Toolbox Talk / Site Safety Induction,Skilled Worker / Labour
2026-07-28,W-008,Worker 08,Carpentry,Scaffolding,Regular,P,8,0,0,0,No,Safety Helmet; Safety Shoes; High-Visibility Vest; Task-Specific Gloves,500000,Toolbox Talk / Site Safety Induction,Skilled Worker / Labour
2026-07-29,W-008,Worker 08,Carpentry,Scaffolding,Regular,P,8,0,0,0,No,Safety Helmet; Safety Shoes; High-Visibility Vest; Task-Specific Gloves,500000,Toolbox Talk / Site Safety Induction,Skilled Worker / Labour
2026-07-30,W-008,Worker 08,Carpentry,Scaffolding,Regular,P,8,0,0,0,No,Safety Helmet; Safety Shoes; High-Visibility Vest; Task-Specific Gloves,500000,Toolbox Talk / Site Safety Induction,Skilled Worker / Labour
2026-07-01,W-009,Worker 09,Carpentry,Door & Window Work,Regular,P,8,0,0,0,No,Safety Helmet; Safety Shoes; High-Visibility Vest; Task-Specific Gloves,500000,Toolbox Talk / Site Safety Induction,Skilled Worker / Labour
2026-07-02,W-009,Worker 09,Carpentry,Door & Window Work,Regular,P,8,0,0,0,No,Safety Helmet; Safety Shoes; High-Visibility Vest; Task-Specific Gloves,500000,Toolbox Talk / Site Safety Induction,Skilled Worker / Labour
2026-07-03,W-009,Worker 09,Carpentry,Door & Window Work,Regular,P,8,0,0,0,No,Safety Helmet; Safety Shoes; High-Visibility Vest; Task-Specific Gloves,500000,Toolbox Talk / Site Safety Induction,Skilled Worker / Labour
2026-07-04,W-009,Worker 09,Carpentry,Door & Window Work,Regular,P,8,0,0,0,No,Safety Helmet; Safety Shoes; High-Visibility Vest; Task-Specific Gloves,500000,Toolbox Talk / Site Safety Induction,Skilled Worker / Labour
2026-07-05,W-009,Worker 09,Carpentry,Door & Window Work,Regular,H,0,0,0,0,Yes,Safety Helmet; Safety Shoes; High-Visibility Vest; Task-Specific Gloves,500000,Toolbox Talk / Site Safety Induction,Skilled Worker / Labour
2026-07-06,W-009,Worker 09,Carpentry,Door & Window Work,Regular,P,8,0,0,0,No,Safety Helmet; Safety Shoes; High-Visibility Vest; Task-Specific Gloves,500000,Toolbox Talk / Site Safety Induction,Skilled Worker / Labour
2026-07-07,W-009,Worker 09,Carpentry,Door & Window Work,Regular,P,8,0,0,0,No,Safety Helmet; Safety Shoes; High-Visibility Vest; Task-Specific Gloves,500000,Toolbox Talk / Site Safety Induction,Skilled Worker / Labour
2026-07-08,W-009,Worker 09,Carpentry,Door & Window Work,Regular,P,8,0,0,0,No,Safety Helmet; Safety Shoes; High-Visibility Vest; Task-Specific Gloves,500000,Toolbox Talk / Site Safety Induction,Skilled Worker / Labour
2026-07-09,W-009,Worker 09,Carpentry,Door & Window Work,Regular,P,8,0,0,0,No,Safety Helmet; Safety Shoes; High-Visibility Vest; Task-Specific Gloves,500000,Toolbox Talk / Site Safety Induction,Skilled Worker / Labour
2026-07-10,W-009,Worker 09,Carpentry,Door & Window Work,Regular,P,8,0,0,0,No,Safety Helmet; Safety Shoes; High-Visibility Vest; Task-Specific Gloves,500000,Toolbox Talk / Site Safety Induction,Skilled Worker / Labour
2026-07-11,W-009,Worker 09,Carpentry,Door & Window Work,Regular,P,8,0,0,0,No,Safety Helmet; Safety Shoes; High-Visibility Vest; Task-Specific Gloves,500000,Toolbox Talk / Site Safety Induction,Skilled Worker / Labour
2026-07-12,W-009,Worker 09,Carpentry,Door & Window Work,Regular,H,0,0,0,0,Yes,Safety Helmet; Safety Shoes; High-Visibility Vest; Task-Specific Gloves,500000,Toolbox Talk / Site Safety Induction,Skilled Worker / Labour
2026-07-13,W-009,Worker 09,Carpentry,Door & Window Work,Regular,P,8,0,0,0,No,Safety Helmet; Safety Shoes; High-Visibility Vest; Task-Specific Gloves,500000,Toolbox Talk / Site Safety Induction,Skilled Worker / Labour
2026-07-14,W-009,Worker 09,Carpentry,Door & Window Work,Regular,P,8,0,0,0,No,Safety Helmet; Safety Shoes; High-Visibility Vest; Task-Specific Gloves,500000,Toolbox Talk / Site Safety Induction,Skilled Worker / Labour
2026-07-15,W-009,Worker 09,Carpentry,Door & Window Work,Regular,P,8,0,0,0,No,Safety Helmet; Safety Shoes; High-Visibility Vest; Task-Specific Gloves,500000,Toolbox Talk / Site Safety Induction,Skilled Worker / Labour
2026-07-16,W-009,Worker 09,Carpentry,Door & Window Work,Regular,P,8,0,0,0,No,Safety Helmet; Safety Shoes; High-Visibility Vest; Task-Specific Gloves,500000,Toolbox Talk / Site Safety Induction,Skilled Worker / Labour
2026-07-17,W-009,Worker 09,Carpentry,Door & Window Work,Regular,P,8,0,0,0,No,Safety Helmet; Safety Shoes; High-Visibility Vest; Task-Specific Gloves,500000,Toolbox Talk / Site Safety Induction,Skilled Worker / Labour
2026-07-18,W-009,Worker 09,Carpentry,Door & Window Work,Regular,P,8,0,0,0,No,Safety Helmet; Safety Shoes; High-Visibility Vest; Task-Specific Gloves,500000,Toolbox Talk / Site Safety Induction,Skilled Worker / Labour
2026-07-19,W-009,Worker 09,Carpentry,Door & Window Work,Regular,H,0,0,0,0,Yes,Safety Helmet; Safety Shoes; High-Visibility Vest; Task-Specific Gloves,500000,Toolbox Talk / Site Safety Induction,Skilled Worker / Labour
2026-07-20,W-009,Worker 09,Carpentry,Door & Window Work,Regular,P,8,0,0,0,No,Safety Helmet; Safety Shoes; High-Visibility Vest; Task-Specific Gloves,500000,Toolbox Talk / Site Safety Induction,Skilled Worker / Labour
2026-07-21,W-009,Worker 09,Carpentry,Door & Window Work,Regular,A,0,0,0,0,No,Safety Helmet; Safety Shoes; High-Visibility Vest; Task-Specific Gloves,500000,Toolbox Talk / Site Safety Induction,Skilled Worker / Labour
2026-07-22,W-009,Worker 09,Carpentry,Door & Window Work,Regular,P,8,0,0,0,No,Safety Helmet; Safety Shoes; High-Visibility Vest; Task-Specific Gloves,500000,Toolbox Talk / Site Safety Induction,Skilled Worker / Labour
2026-07-23,W-009,Worker 09,Carpentry,Door & Window Work,Regular,P,8,0,0,0,No,Safety Helmet; Safety Shoes; High-Visibility Vest; Task-Specific Gloves,500000,Toolbox Talk / Site Safety Induction,Skilled Worker / Labour
2026-07-24,W-009,Worker 09,Carpentry,Door & Window Work,Regular,P,8,0,0,0,No,Safety Helmet; Safety Shoes; High-Visibility Vest; Task-Specific Gloves,500000,Toolbox Talk / Site Safety Induction,Skilled Worker / Labour
2026-07-25,W-009,Worker 09,Carpentry,Door & Window Work,Regular,P,8,0,0,0,No,Safety Helmet; Safety Shoes; High-Visibility Vest; Task-Specific Gloves,500000,Toolbox Talk / Site Safety Induction,Skilled Worker / Labour
2026-07-26,W-009,Worker 09,Carpentry,Door & Window Work,Regular,H,0,0,0,0,Yes,Safety Helmet; Safety Shoes; High-Visibility Vest; Task-Specific Gloves,500000,Toolbox Talk / Site Safety Induction,Skilled Worker / Labour
2026-07-27,W-009,Worker 09,Carpentry,Door & Window Work,Regular,P,8,0,0,0,No,Safety Helmet; Safety Shoes; High-Visibility Vest; Task-Specific Gloves,500000,Toolbox Talk / Site Safety Induction,Skilled Worker / Labour
2026-07-28,W-009,Worker 09,Carpentry,Door & Window Work,Regular,P,8,0,0,0,No,Safety Helmet; Safety Shoes; High-Visibility Vest; Task-Specific Gloves,500000,Toolbox Talk / Site Safety Induction,Skilled Worker / Labour
2026-07-29,W-009,Worker 09,Carpentry,Door & Window Work,Regular,P,8,0,0,0,No,Safety Helmet; Safety Shoes; High-Visibility Vest; Task-Specific Gloves,500000,Toolbox Talk / Site Safety Induction,Skilled Worker / Labour
2026-07-30,W-009,Worker 09,Carpentry,Door & Window Work,Regular,P,8,0,0,0,No,Safety Helmet; Safety Shoes; High-Visibility Vest; Task-Specific Gloves,500000,Toolbox Talk / Site Safety Induction,Skilled Worker / Labour
2026-07-01,W-010,Worker 10,Carpentry,Formwork,Regular,P,8,0,0,0,No,Safety Helmet; Safety Shoes; High-Visibility Vest; Task-Specific Gloves,500000,Toolbox Talk / Site Safety Induction,Skilled Worker / Labour
2026-07-02,W-010,Worker 10,Carpentry,Formwork,Regular,P,8,0,0,0,No,Safety Helmet; Safety Shoes; High-Visibility Vest; Task-Specific Gloves,500000,Toolbox Talk / Site Safety Induction,Skilled Worker / Labour
2026-07-03,W-010,Worker 10,Carpentry,Formwork,Regular,P,8,0,0,0,No,Safety Helmet; Safety Shoes; High-Visibility Vest; Task-Specific Gloves,500000,Toolbox Talk / Site Safety Induction,Skilled Worker / Labour
2026-07-04,W-010,Worker 10,Carpentry,Formwork,Regular,P,8,0,0,0,No,Safety Helmet; Safety Shoes; High-Visibility Vest; Task-Specific Gloves,500000,Toolbox Talk / Site Safety Induction,Skilled Worker / Labour
2026-07-05,W-010,Worker 10,Carpentry,Formwork,Regular,H,0,0,0,0,Yes,Safety Helmet; Safety Shoes; High-Visibility Vest; Task-Specific Gloves,500000,Toolbox Talk / Site Safety Induction,Skilled Worker / Labour
2026-07-06,W-010,Worker 10,Carpentry,Formwork,Regular,P,8,0,0,0,No,Safety Helmet; Safety Shoes; High-Visibility Vest; Task-Specific Gloves,500000,Toolbox Talk / Site Safety Induction,Skilled Worker / Labour
2026-07-07,W-010,Worker 10,Carpentry,Formwork,Regular,P,8,0,0,0,No,Safety Helmet; Safety Shoes; High-Visibility Vest; Task-Specific Gloves,500000,Toolbox Talk / Site Safety Induction,Skilled Worker / Labour
2026-07-08,W-010,Worker 10,Carpentry,Formwork,Regular,P,8,0,0,0,No,Safety Helmet; Safety Shoes; High-Visibility Vest; Task-Specific Gloves,500000,Toolbox Talk / Site Safety Induction,Skilled Worker / Labour
2026-07-09,W-010,Worker 10,Carpentry,Formwork,Regular,P,8,0,0,0,No,Safety Helmet; Safety Shoes; High-Visibility Vest; Task-Specific Gloves,500000,Toolbox Talk / Site Safety Induction,Skilled Worker / Labour
2026-07-10,W-010,Worker 10,Carpentry,Formwork,Regular,P,8,0,0,0,No,Safety Helmet; Safety Shoes; High-Visibility Vest; Task-Specific Gloves,500000,Toolbox Talk / Site Safety Induction,Skilled Worker / Labour
2026-07-11,W-010,Worker 10,Carpentry,Formwork,Regular,P,8,0,0,0,No,Safety Helmet; Safety Shoes; High-Visibility Vest; Task-Specific Gloves,500000,Toolbox Talk / Site Safety Induction,Skilled Worker / Labour
2026-07-12,W-010,Worker 10,Carpentry,Formwork,Regular,H,0,0,0,0,Yes,Safety Helmet; Safety Shoes; High-Visibility Vest; Task-Specific Gloves,500000,Toolbox Talk / Site Safety Induction,Skilled Worker / Labour
2026-07-13,W-010,Worker 10,Carpentry,Formwork,Regular,P,8,0,0,0,No,Safety Helmet; Safety Shoes; High-Visibility Vest; Task-Specific Gloves,500000,Toolbox Talk / Site Safety Induction,Skilled Worker / Labour
2026-07-14,W-010,Worker 10,Carpentry,Formwork,Regular,P,8,0,0,0,No,Safety Helmet; Safety Shoes; High-Visibility Vest; Task-Specific Gloves,500000,Toolbox Talk / Site Safety Induction,Skilled Worker / Labour
2026-07-15,W-010,Worker 10,Carpentry,Formwork,Regular,P,8,0,0,0,No,Safety Helmet; Safety Shoes; High-Visibility Vest; Task-Specific Gloves,500000,Toolbox Talk / Site Safety Induction,Skilled Worker / Labour
2026-07-16,W-010,Worker 10,Carpentry,Formwork,Regular,P,8,0,0,0,No,Safety Helmet; Safety Shoes; High-Visibility Vest; Task-Specific Gloves,500000,Toolbox Talk / Site Safety Induction,Skilled Worker / Labour
2026-07-17,W-010,Worker 10,Carpentry,Formwork,Regular,P,8,0,0,0,No,Safety Helmet; Safety Shoes; High-Visibility Vest; Task-Specific Gloves,500000,Toolbox Talk / Site Safety Induction,Skilled Worker / Labour
2026-07-18,W-010,Worker 10,Carpentry,Formwork,Regular,P,8,0,0,0,No,Safety Helmet; Safety Shoes; High-Visibility Vest; Task-Specific Gloves,500000,Toolbox Talk / Site Safety Induction,Skilled Worker / Labour
2026-07-19,W-010,Worker 10,Carpentry,Formwork,Regular,H,0,0,0,0,Yes,Safety Helmet; Safety Shoes; High-Visibility Vest; Task-Specific Gloves,500000,Toolbox Talk / Site Safety Induction,Skilled Worker / Labour
2026-07-20,W-010,Worker 10,Carpentry,Formwork,Regular,A,0,0,0,0,No,Safety Helmet; Safety Shoes; High-Visibility Vest; Task-Specific Gloves,500000,Toolbox Talk / Site Safety Induction,Skilled Worker / Labour
2026-07-21,W-010,Worker 10,Carpentry,Formwork,Regular,P,8,0,0,0,No,Safety Helmet; Safety Shoes; High-Visibility Vest; Task-Specific Gloves,500000,Toolbox Talk / Site Safety Induction,Skilled Worker / Labour
2026-07-22,W-010,Worker 10,Carpentry,Formwork,Regular,P,8,0,0,0,No,Safety Helmet; Safety Shoes; High-Visibility Vest; Task-Specific Gloves,500000,Toolbox Talk / Site Safety Induction,Skilled Worker / Labour
2026-07-23,W-010,Worker 10,Carpentry,Formwork,Regular,P,8,0,0,0,No,Safety Helmet; Safety Shoes; High-Visibility Vest; Task-Specific Gloves,500000,Toolbox Talk / Site Safety Induction,Skilled Worker / Labour
2026-07-24,W-010,Worker 10,Carpentry,Formwork,Regular,P,8,0,0,0,No,Safety Helmet; Safety Shoes; High-Visibility Vest; Task-Specific Gloves,500000,Toolbox Talk / Site Safety Induction,Skilled Worker / Labour
2026-07-25,W-010,Worker 10,Carpentry,Formwork,Regular,P,8,0,0,0,No,Safety Helmet; Safety Shoes; High-Visibility Vest; Task-Specific Gloves,500000,Toolbox Talk / Site Safety Induction,Skilled Worker / Labour
2026-07-26,W-010,Worker 10,Carpentry,Formwork,Regular,H,0,0,0,0,Yes,Safety Helmet; Safety Shoes; High-Visibility Vest; Task-Specific Gloves,500000,Toolbox Talk / Site Safety Induction,Skilled Worker / Labour
2026-07-27,W-010,Worker 10,Carpentry,Formwork,Regular,P,8,0,0,0,No,Safety Helmet; Safety Shoes; High-Visibility Vest; Task-Specific Gloves,500000,Toolbox Talk / Site Safety Induction,Skilled Worker / Labour
2026-07-28,W-010,Worker 10,Carpentry,Formwork,Regular,P,8,0,0,0,No,Safety Helmet; Safety Shoes; High-Visibility Vest; Task-Specific Gloves,500000,Toolbox Talk / Site Safety Induction,Skilled Worker / Labour
2026-07-29,W-010,Worker 10,Carpentry,Formwork,Regular,P,8,0,0,0,No,Safety Helmet; Safety Shoes; High-Visibility Vest; Task-Specific Gloves,500000,Toolbox Talk / Site Safety Induction,Skilled Worker / Labour
2026-07-30,W-010,Worker 10,Carpentry,Formwork,Regular,P,8,0,0,0,No,Safety Helmet; Safety Shoes; High-Visibility Vest; Task-Specific Gloves,500000,Toolbox Talk / Site Safety Induction,Skilled Worker / Labour
2026-07-01,W-011,Worker 11,Steel Fixing,Rebar Cutting,Regular,P,8,0,0,0,No,Safety Helmet; Safety Shoes; High-Visibility Vest; Task-Specific Gloves,500000,Toolbox Talk / Site Safety Induction,Skilled Worker / Labour
2026-07-02,W-011,Worker 11,Steel Fixing,Rebar Cutting,Regular,P,8,0,0,0,No,Safety Helmet; Safety Shoes; High-Visibility Vest; Task-Specific Gloves,500000,Toolbox Talk / Site Safety Induction,Skilled Worker / Labour
2026-07-03,W-011,Worker 11,Steel Fixing,Rebar Cutting,Regular,P,8,0,0,0,No,Safety Helmet; Safety Shoes; High-Visibility Vest; Task-Specific Gloves,500000,Toolbox Talk / Site Safety Induction,Skilled Worker / Labour
2026-07-04,W-011,Worker 11,Steel Fixing,Rebar Cutting,Regular,P,8,0,0,0,No,Safety Helmet; Safety Shoes; High-Visibility Vest; Task-Specific Gloves,500000,Toolbox Talk / Site Safety Induction,Skilled Worker / Labour
2026-07-05,W-011,Worker 11,Steel Fixing,Rebar Cutting,Regular,H,0,0,0,0,Yes,Safety Helmet; Safety Shoes; High-Visibility Vest; Task-Specific Gloves,500000,Toolbox Talk / Site Safety Induction,Skilled Worker / Labour
2026-07-06,W-011,Worker 11,Steel Fixing,Rebar Cutting,Regular,P,8,0,0,0,No,Safety Helmet; Safety Shoes; High-Visibility Vest; Task-Specific Gloves,500000,Toolbox Talk / Site Safety Induction,Skilled Worker / Labour
2026-07-07,W-011,Worker 11,Steel Fixing,Rebar Cutting,Regular,P,8,0,0,0,No,Safety Helmet; Safety Shoes; High-Visibility Vest; Task-Specific Gloves,500000,Toolbox Talk / Site Safety Induction,Skilled Worker / Labour
2026-07-08,W-011,Worker 11,Steel Fixing,Rebar Cutting,Regular,P,8,0,0,0,No,Safety Helmet; Safety Shoes; High-Visibility Vest; Task-Specific Gloves,500000,Toolbox Talk / Site Safety Induction,Skilled Worker / Labour
2026-07-09,W-011,Worker 11,Steel Fixing,Rebar Cutting,Regular,P,8,0,0,0,No,Safety Helmet; Safety Shoes; High-Visibility Vest; Task-Specific Gloves,500000,Toolbox Talk / Site Safety Induction,Skilled Worker / Labour
2026-07-10,W-011,Worker 11,Steel Fixing,Rebar Cutting,Regular,P,8,0,0,0,No,Safety Helmet; Safety Shoes; High-Visibility Vest; Task-Specific Gloves,500000,Toolbox Talk / Site Safety Induction,Skilled Worker / Labour
2026-07-11,W-011,Worker 11,Steel Fixing,Rebar Cutting,Regular,P,8,0,0,0,No,Safety Helmet; Safety Shoes; High-Visibility Vest; Task-Specific Gloves,500000,Toolbox Talk / Site Safety Induction,Skilled Worker / Labour
2026-07-12,W-011,Worker 11,Steel Fixing,Rebar Cutting,Regular,H,0,0,0,0,Yes,Safety Helmet; Safety Shoes; High-Visibility Vest; Task-Specific Gloves,500000,Toolbox Talk / Site Safety Induction,Skilled Worker / Labour
2026-07-13,W-011,Worker 11,Steel Fixing,Rebar Cutting,Regular,P,8,0,0,0,No,Safety Helmet; Safety Shoes; High-Visibility Vest; Task-Specific Gloves,500000,Toolbox Talk / Site Safety Induction,Skilled Worker / Labour
2026-07-14,W-011,Worker 11,Steel Fixing,Rebar Cutting,Regular,P,8,0,0,0,No,Safety Helmet; Safety Shoes; High-Visibility Vest; Task-Specific Gloves,500000,Toolbox Talk / Site Safety Induction,Skilled Worker / Labour
2026-07-15,W-011,Worker 11,Steel Fixing,Rebar Cutting,Regular,P,8,0,0,0,No,Safety Helmet; Safety Shoes; High-Visibility Vest; Task-Specific Gloves,500000,Toolbox Talk / Site Safety Induction,Skilled Worker / Labour
2026-07-16,W-011,Worker 11,Steel Fixing,Rebar Cutting,Regular,P,8,0,0,0,No,Safety Helmet; Safety Shoes; High-Visibility Vest; Task-Specific Gloves,500000,Toolbox Talk / Site Safety Induction,Skilled Worker / Labour
2026-07-17,W-011,Worker 11,Steel Fixing,Rebar Cutting,Regular,P,8,0,0,0,No,Safety Helmet; Safety Shoes; High-Visibility Vest; Task-Specific Gloves,500000,Toolbox Talk / Site Safety Induction,Skilled Worker / Labour
2026-07-18,W-011,Worker 11,Steel Fixing,Rebar Cutting,Regular,P,8,0,0,0,No,Safety Helmet; Safety Shoes; High-Visibility Vest; Task-Specific Gloves,500000,Toolbox Talk / Site Safety Induction,Skilled Worker / Labour
2026-07-19,W-011,Worker 11,Steel Fixing,Rebar Cutting,Regular,H,0,0,0,0,Yes,Safety Helmet; Safety Shoes; High-Visibility Vest; Task-Specific Gloves,500000,Toolbox Talk / Site Safety Induction,Skilled Worker / Labour
2026-07-20,W-011,Worker 11,Steel Fixing,Rebar Cutting,Regular,P,8,0,0,0,No,Safety Helmet; Safety Shoes; High-Visibility Vest; Task-Specific Gloves,500000,Toolbox Talk / Site Safety Induction,Skilled Worker / Labour
2026-07-21,W-011,Worker 11,Steel Fixing,Rebar Cutting,Regular,P,8,0,0,0,No,Safety Helmet; Safety Shoes; High-Visibility Vest; Task-Specific Gloves,500000,Toolbox Talk / Site Safety Induction,Skilled Worker / Labour
2026-07-22,W-011,Worker 11,Steel Fixing,Rebar Cutting,Regular,P,8,0,0,0,No,Safety Helmet; Safety Shoes; High-Visibility Vest; Task-Specific Gloves,500000,Toolbox Talk / Site Safety Induction,Skilled Worker / Labour
2026-07-23,W-011,Worker 11,Steel Fixing,Rebar Cutting,Regular,P,8,0,0,0,No,Safety Helmet; Safety Shoes; High-Visibility Vest; Task-Specific Gloves,500000,Toolbox Talk / Site Safety Induction,Skilled Worker / Labour
2026-07-24,W-011,Worker 11,Steel Fixing,Rebar Cutting,Regular,P,8,0,0,0,No,Safety Helmet; Safety Shoes; High-Visibility Vest; Task-Specific Gloves,500000,Toolbox Talk / Site Safety Induction,Skilled Worker / Labour
2026-07-25,W-011,Worker 11,Steel Fixing,Rebar Cutting,Regular,P,8,0,0,0,No,Safety Helmet; Safety Shoes; High-Visibility Vest; Task-Specific Gloves,500000,Toolbox Talk / Site Safety Induction,Skilled Worker / Labour
2026-07-26,W-011,Worker 11,Steel Fixing,Rebar Cutting,Regular,H,0,0,0,0,Yes,Safety Helmet; Safety Shoes; High-Visibility Vest; Task-Specific Gloves,500000,Toolbox Talk / Site Safety Induction,Skilled Worker / Labour
2026-07-27,W-011,Worker 11,Steel Fixing,Rebar Cutting,Regular,P,8,0,0,0,No,Safety Helmet; Safety Shoes; High-Visibility Vest; Task-Specific Gloves,500000,Toolbox Talk / Site Safety Induction,Skilled Worker / Labour
2026-07-28,W-011,Worker 11,Steel Fixing,Rebar Cutting,Regular,P,8,0,0,0,No,Safety Helmet; Safety Shoes; High-Visibility Vest; Task-Specific Gloves,500000,Toolbox Talk / Site Safety Induction,Skilled Worker / Labour
2026-07-29,W-011,Worker 11,Steel Fixing,Rebar Cutting,Regular,P,8,0,0,0,No,Safety Helmet; Safety Shoes; High-Visibility Vest; Task-Specific Gloves,500000,Toolbox Talk / Site Safety Induction,Skilled Worker / Labour
2026-07-30,W-011,Worker 11,Steel Fixing,Rebar Cutting,Regular,P,8,0,0,0,No,Safety Helmet; Safety Shoes; High-Visibility Vest; Task-Specific Gloves,500000,Toolbox Talk / Site Safety Induction,Skilled Worker / Labour
2026-07-01,W-012,Worker 12,Steel Fixing,Rebar Bending,Regular,P,8,0,0,0,No,Safety Helmet; Safety Shoes; High-Visibility Vest; Task-Specific Gloves,500000,Toolbox Talk / Site Safety Induction,Skilled Worker / Labour
2026-07-02,W-012,Worker 12,Steel Fixing,Rebar Bending,Regular,P,8,0,0,0,No,Safety Helmet; Safety Shoes; High-Visibility Vest; Task-Specific Gloves,500000,Toolbox Talk / Site Safety Induction,Skilled Worker / Labour
2026-07-03,W-012,Worker 12,Steel Fixing,Rebar Bending,Regular,P,8,0,0,0,No,Safety Helmet; Safety Shoes; High-Visibility Vest; Task-Specific Gloves,500000,Toolbox Talk / Site Safety Induction,Skilled Worker / Labour
2026-07-04,W-012,Worker 12,Steel Fixing,Rebar Bending,Regular,P,8,0,0,0,No,Safety Helmet; Safety Shoes; High-Visibility Vest; Task-Specific Gloves,500000,Toolbox Talk / Site Safety Induction,Skilled Worker / Labour
2026-07-05,W-012,Worker 12,Steel Fixing,Rebar Bending,Regular,H,0,0,0,0,Yes,Safety Helmet; Safety Shoes; High-Visibility Vest; Task-Specific Gloves,500000,Toolbox Talk / Site Safety Induction,Skilled Worker / Labour
2026-07-06,W-012,Worker 12,Steel Fixing,Rebar Bending,Regular,P,8,0,0,0,No,Safety Helmet; Safety Shoes; High-Visibility Vest; Task-Specific Gloves,500000,Toolbox Talk / Site Safety Induction,Skilled Worker / Labour
2026-07-07,W-012,Worker 12,Steel Fixing,Rebar Bending,Regular,P,8,0,0,0,No,Safety Helmet; Safety Shoes; High-Visibility Vest; Task-Specific Gloves,500000,Toolbox Talk / Site Safety Induction,Skilled Worker / Labour
2026-07-08,W-012,Worker 12,Steel Fixing,Rebar Bending,Regular,P,8,0,0,0,No,Safety Helmet; Safety Shoes; High-Visibility Vest; Task-Specific Gloves,500000,Toolbox Talk / Site Safety Induction,Skilled Worker / Labour
2026-07-09,W-012,Worker 12,Steel Fixing,Rebar Bending,Regular,P,8,0,0,0,No,Safety Helmet; Safety Shoes; High-Visibility Vest; Task-Specific Gloves,500000,Toolbox Talk / Site Safety Induction,Skilled Worker / Labour
2026-07-10,W-012,Worker 12,Steel Fixing,Rebar Bending,Regular,P,8,0,0,0,No,Safety Helmet; Safety Shoes; High-Visibility Vest; Task-Specific Gloves,500000,Toolbox Talk / Site Safety Induction,Skilled Worker / Labour
2026-07-11,W-012,Worker 12,Steel Fixing,Rebar Bending,Regular,P,8,0,0,0,No,Safety Helmet; Safety Shoes; High-Visibility Vest; Task-Specific Gloves,500000,Toolbox Talk / Site Safety Induction,Skilled Worker / Labour
2026-07-12,W-012,Worker 12,Steel Fixing,Rebar Bending,Regular,H,0,0,0,0,Yes,Safety Helmet; Safety Shoes; High-Visibility Vest; Task-Specific Gloves,500000,Toolbox Talk / Site Safety Induction,Skilled Worker / Labour
2026-07-13,W-012,Worker 12,Steel Fixing,Rebar Bending,Regular,P,8,0,0,0,No,Safety Helmet; Safety Shoes; High-Visibility Vest; Task-Specific Gloves,500000,Toolbox Talk / Site Safety Induction,Skilled Worker / Labour
2026-07-14,W-012,Worker 12,Steel Fixing,Rebar Bending,Regular,P,8,0,0,0,No,Safety Helmet; Safety Shoes; High-Visibility Vest; Task-Specific Gloves,500000,Toolbox Talk / Site Safety Induction,Skilled Worker / Labour
2026-07-15,W-012,Worker 12,Steel Fixing,Rebar Bending,Regular,P,8,0,0,0,No,Safety Helmet; Safety Shoes; High-Visibility Vest; Task-Specific Gloves,500000,Toolbox Talk / Site Safety Induction,Skilled Worker / Labour
2026-07-16,W-012,Worker 12,Steel Fixing,Rebar Bending,Regular,P,8,0,0,0,No,Safety Helmet; Safety Shoes; High-Visibility Vest; Task-Specific Gloves,500000,Toolbox Talk / Site Safety Induction,Skilled Worker / Labour
2026-07-17,W-012,Worker 12,Steel Fixing,Rebar Bending,Regular,P,8,0,0,0,No,Safety Helmet; Safety Shoes; High-Visibility Vest; Task-Specific Gloves,500000,Toolbox Talk / Site Safety Induction,Skilled Worker / Labour
2026-07-18,W-012,Worker 12,Steel Fixing,Rebar Bending,Regular,A,0,0,0,0,No,Safety Helmet; Safety Shoes; High-Visibility Vest; Task-Specific Gloves,500000,Toolbox Talk / Site Safety Induction,Skilled Worker / Labour
2026-07-19,W-012,Worker 12,Steel Fixing,Rebar Bending,Regular,H,0,0,0,0,Yes,Safety Helmet; Safety Shoes; High-Visibility Vest; Task-Specific Gloves,500000,Toolbox Talk / Site Safety Induction,Skilled Worker / Labour
2026-07-20,W-012,Worker 12,Steel Fixing,Rebar Bending,Regular,P,8,0,0,0,No,Safety Helmet; Safety Shoes; High-Visibility Vest; Task-Specific Gloves,500000,Toolbox Talk / Site Safety Induction,Skilled Worker / Labour
2026-07-21,W-012,Worker 12,Steel Fixing,Rebar Bending,Regular,P,8,0,0,0,No,Safety Helmet; Safety Shoes; High-Visibility Vest; Task-Specific Gloves,500000,Toolbox Talk / Site Safety Induction,Skilled Worker / Labour
2026-07-22,W-012,Worker 12,Steel Fixing,Rebar Bending,Regular,P,8,0,0,0,No,Safety Helmet; Safety Shoes; High-Visibility Vest; Task-Specific Gloves,500000,Toolbox Talk / Site Safety Induction,Skilled Worker / Labour
2026-07-23,W-012,Worker 12,Steel Fixing,Rebar Bending,Regular,P,8,0,0,0,No,Safety Helmet; Safety Shoes; High-Visibility Vest; Task-Specific Gloves,500000,Toolbox Talk / Site Safety Induction,Skilled Worker / Labour
2026-07-24,W-012,Worker 12,Steel Fixing,Rebar Bending,Regular,P,8,0,0,0,No,Safety Helmet; Safety Shoes; High-Visibility Vest; Task-Specific Gloves,500000,Toolbox Talk / Site Safety Induction,Skilled Worker / Labour
2026-07-25,W-012,Worker 12,Steel Fixing,Rebar Bending,Regular,P,8,0,0,0,No,Safety Helmet; Safety Shoes; High-Visibility Vest; Task-Specific Gloves,500000,Toolbox Talk / Site Safety Induction,Skilled Worker / Labour
2026-07-26,W-012,Worker 12,Steel Fixing,Rebar Bending,Regular,H,0,0,0,0,Yes,Safety Helmet; Safety Shoes; High-Visibility Vest; Task-Specific Gloves,500000,Toolbox Talk / Site Safety Induction,Skilled Worker / Labour
2026-07-27,W-012,Worker 12,Steel Fixing,Rebar Bending,Regular,P,8,0,0,0,No,Safety Helmet; Safety Shoes; High-Visibility Vest; Task-Specific Gloves,500000,Toolbox Talk / Site Safety Induction,Skilled Worker / Labour
2026-07-28,W-012,Worker 12,Steel Fixing,Rebar Bending,Regular,P,8,0,0,0,No,Safety Helmet; Safety Shoes; High-Visibility Vest; Task-Specific Gloves,500000,Toolbox Talk / Site Safety Induction,Skilled Worker / Labour
2026-07-29,W-012,Worker 12,Steel Fixing,Rebar Bending,Regular,P,8,0,0,0,No,Safety Helmet; Safety Shoes; High-Visibility Vest; Task-Specific Gloves,500000,Toolbox Talk / Site Safety Induction,Skilled Worker / Labour
2026-07-30,W-012,Worker 12,Steel Fixing,Rebar Bending,Regular,P,8,0,0,0,No,Safety Helmet; Safety Shoes; High-Visibility Vest; Task-Specific Gloves,500000,Toolbox Talk / Site Safety Induction,Skilled Worker / Labour
2026-07-01,W-013,Worker 13,Steel Fixing,Reinforcement Fixing,Regular,P,8,0,0,0,No,Safety Helmet; Safety Shoes; High-Visibility Vest; Task-Specific Gloves,500000,Toolbox Talk / Site Safety Induction,Skilled Worker / Labour
2026-07-02,W-013,Worker 13,Steel Fixing,Reinforcement Fixing,Regular,P,8,0,0,0,No,Safety Helmet; Safety Shoes; High-Visibility Vest; Task-Specific Gloves,500000,Toolbox Talk / Site Safety Induction,Skilled Worker / Labour
2026-07-03,W-013,Worker 13,Steel Fixing,Reinforcement Fixing,Regular,P,8,0,0,0,No,Safety Helmet; Safety Shoes; High-Visibility Vest; Task-Specific Gloves,500000,Toolbox Talk / Site Safety Induction,Skilled Worker / Labour
2026-07-04,W-013,Worker 13,Steel Fixing,Reinforcement Fixing,Regular,P,8,0,0,0,No,Safety Helmet; Safety Shoes; High-Visibility Vest; Task-Specific Gloves,500000,Toolbox Talk / Site Safety Induction,Skilled Worker / Labour
2026-07-05,W-013,Worker 13,Steel Fixing,Reinforcement Fixing,Regular,H,0,0,0,0,Yes,Safety Helmet; Safety Shoes; High-Visibility Vest; Task-Specific Gloves,500000,Toolbox Talk / Site Safety Induction,Skilled Worker / Labour
2026-07-06,W-013,Worker 13,Steel Fixing,Reinforcement Fixing,Regular,P,8,0,0,0,No,Safety Helmet; Safety Shoes; High-Visibility Vest; Task-Specific Gloves,500000,Toolbox Talk / Site Safety Induction,Skilled Worker / Labour
2026-07-07,W-013,Worker 13,Steel Fixing,Reinforcement Fixing,Regular,P,8,0,0,0,No,Safety Helmet; Safety Shoes; High-Visibility Vest; Task-Specific Gloves,500000,Toolbox Talk / Site Safety Induction,Skilled Worker / Labour
2026-07-08,W-013,Worker 13,Steel Fixing,Reinforcement Fixing,Regular,P,8,0,0,0,No,Safety Helmet; Safety Shoes; High-Visibility Vest; Task-Specific Gloves,500000,Toolbox Talk / Site Safety Induction,Skilled Worker / Labour
2026-07-09,W-013,Worker 13,Steel Fixing,Reinforcement Fixing,Regular,P,8,0,0,0,No,Safety Helmet; Safety Shoes; High-Visibility Vest; Task-Specific Gloves,500000,Toolbox Talk / Site Safety Induction,Skilled Worker / Labour
2026-07-10,W-013,Worker 13,Steel Fixing,Reinforcement Fixing,Regular,P,8,0,0,0,No,Safety Helmet; Safety Shoes; High-Visibility Vest; Task-Specific Gloves,500000,Toolbox Talk / Site Safety Induction,Skilled Worker / Labour
2026-07-11,W-013,Worker 13,Steel Fixing,Reinforcement Fixing,Regular,P,8,0,0,0,No,Safety Helmet; Safety Shoes; High-Visibility Vest; Task-Specific Gloves,500000,Toolbox Talk / Site Safety Induction,Skilled Worker / Labour
2026-07-12,W-013,Worker 13,Steel Fixing,Reinforcement Fixing,Regular,H,0,0,0,0,Yes,Safety Helmet; Safety Shoes; High-Visibility Vest; Task-Specific Gloves,500000,Toolbox Talk / Site Safety Induction,Skilled Worker / Labour
2026-07-13,W-013,Worker 13,Steel Fixing,Reinforcement Fixing,Regular,P,8,0,0,0,No,Safety Helmet; Safety Shoes; High-Visibility Vest; Task-Specific Gloves,500000,Toolbox Talk / Site Safety Induction,Skilled Worker / Labour
2026-07-14,W-013,Worker 13,Steel Fixing,Reinforcement Fixing,Regular,P,8,0,0,0,No,Safety Helmet; Safety Shoes; High-Visibility Vest; Task-Specific Gloves,500000,Toolbox Talk / Site Safety Induction,Skilled Worker / Labour
2026-07-15,W-013,Worker 13,Steel Fixing,Reinforcement Fixing,Regular,P,8,0,0,0,No,Safety Helmet; Safety Shoes; High-Visibility Vest; Task-Specific Gloves,500000,Toolbox Talk / Site Safety Induction,Skilled Worker / Labour
2026-07-16,W-013,Worker 13,Steel Fixing,Reinforcement Fixing,Regular,P,8,0,0,0,No,Safety Helmet; Safety Shoes; High-Visibility Vest; Task-Specific Gloves,500000,Toolbox Talk / Site Safety Induction,Skilled Worker / Labour
2026-07-17,W-013,Worker 13,Steel Fixing,Reinforcement Fixing,Regular,A,0,0,0,0,No,Safety Helmet; Safety Shoes; High-Visibility Vest; Task-Specific Gloves,500000,Toolbox Talk / Site Safety Induction,Skilled Worker / Labour
2026-07-18,W-013,Worker 13,Steel Fixing,Reinforcement Fixing,Regular,P,8,0,0,0,No,Safety Helmet; Safety Shoes; High-Visibility Vest; Task-Specific Gloves,500000,Toolbox Talk / Site Safety Induction,Skilled Worker / Labour
2026-07-19,W-013,Worker 13,Steel Fixing,Reinforcement Fixing,Regular,H,0,0,0,0,Yes,Safety Helmet; Safety Shoes; High-Visibility Vest; Task-Specific Gloves,500000,Toolbox Talk / Site Safety Induction,Skilled Worker / Labour
2026-07-20,W-013,Worker 13,Steel Fixing,Reinforcement Fixing,Regular,P,8,0,0,0,No,Safety Helmet; Safety Shoes; High-Visibility Vest; Task-Specific Gloves,500000,Toolbox Talk / Site Safety Induction,Skilled Worker / Labour
2026-07-21,W-013,Worker 13,Steel Fixing,Reinforcement Fixing,Regular,P,8,0,0,0,No,Safety Helmet; Safety Shoes; High-Visibility Vest; Task-Specific Gloves,500000,Toolbox Talk / Site Safety Induction,Skilled Worker / Labour
2026-07-22,W-013,Worker 13,Steel Fixing,Reinforcement Fixing,Regular,P,8,0,0,0,No,Safety Helmet; Safety Shoes; High-Visibility Vest; Task-Specific Gloves,500000,Toolbox Talk / Site Safety Induction,Skilled Worker / Labour
2026-07-23,W-013,Worker 13,Steel Fixing,Reinforcement Fixing,Regular,P,8,0,0,0,No,Safety Helmet; Safety Shoes; High-Visibility Vest; Task-Specific Gloves,500000,Toolbox Talk / Site Safety Induction,Skilled Worker / Labour
2026-07-24,W-013,Worker 13,Steel Fixing,Reinforcement Fixing,Regular,P,8,0,0,0,No,Safety Helmet; Safety Shoes; High-Visibility Vest; Task-Specific Gloves,500000,Toolbox Talk / Site Safety Induction,Skilled Worker / Labour
2026-07-25,W-013,Worker 13,Steel Fixing,Reinforcement Fixing,Regular,P,8,0,0,0,No,Safety Helmet; Safety Shoes; High-Visibility Vest; Task-Specific Gloves,500000,Toolbox Talk / Site Safety Induction,Skilled Worker / Labour
2026-07-26,W-013,Worker 13,Steel Fixing,Reinforcement Fixing,Regular,H,0,0,0,0,Yes,Safety Helmet; Safety Shoes; High-Visibility Vest; Task-Specific Gloves,500000,Toolbox Talk / Site Safety Induction,Skilled Worker / Labour
2026-07-27,W-013,Worker 13,Steel Fixing,Reinforcement Fixing,Regular,P,8,0,0,0,No,Safety Helmet; Safety Shoes; High-Visibility Vest; Task-Specific Gloves,500000,Toolbox Talk / Site Safety Induction,Skilled Worker / Labour
2026-07-28,W-013,Worker 13,Steel Fixing,Reinforcement Fixing,Regular,P,8,0,0,0,No,Safety Helmet; Safety Shoes; High-Visibility Vest; Task-Specific Gloves,500000,Toolbox Talk / Site Safety Induction,Skilled Worker / Labour
2026-07-29,W-013,Worker 13,Steel Fixing,Reinforcement Fixing,Regular,P,8,0,0,0,No,Safety Helmet; Safety Shoes; High-Visibility Vest; Task-Specific Gloves,500000,Toolbox Talk / Site Safety Induction,Skilled Worker / Labour
2026-07-30,W-013,Worker 13,Steel Fixing,Reinforcement Fixing,Regular,P,8,0,0,0,No,Safety Helmet; Safety Shoes; High-Visibility Vest; Task-Specific Gloves,500000,Toolbox Talk / Site Safety Induction,Skilled Worker / Labour
2026-07-01,W-014,Worker 14,Steel Fixing,Bar Bending,Regular,P,8,0,0,0,No,Safety Helmet; Safety Shoes; High-Visibility Vest; Task-Specific Gloves,500000,Toolbox Talk / Site Safety Induction,Skilled Worker / Labour
2026-07-02,W-014,Worker 14,Steel Fixing,Bar Bending,Regular,P,8,0,0,0,No,Safety Helmet; Safety Shoes; High-Visibility Vest; Task-Specific Gloves,500000,Toolbox Talk / Site Safety Induction,Skilled Worker / Labour
2026-07-03,W-014,Worker 14,Steel Fixing,Bar Bending,Regular,P,8,0,0,0,No,Safety Helmet; Safety Shoes; High-Visibility Vest; Task-Specific Gloves,500000,Toolbox Talk / Site Safety Induction,Skilled Worker / Labour
2026-07-04,W-014,Worker 14,Steel Fixing,Bar Bending,Regular,P,8,0,0,0,No,Safety Helmet; Safety Shoes; High-Visibility Vest; Task-Specific Gloves,500000,Toolbox Talk / Site Safety Induction,Skilled Worker / Labour
2026-07-05,W-014,Worker 14,Steel Fixing,Bar Bending,Regular,H,0,0,0,0,Yes,Safety Helmet; Safety Shoes; High-Visibility Vest; Task-Specific Gloves,500000,Toolbox Talk / Site Safety Induction,Skilled Worker / Labour
2026-07-06,W-014,Worker 14,Steel Fixing,Bar Bending,Regular,P,8,0,0,0,No,Safety Helmet; Safety Shoes; High-Visibility Vest; Task-Specific Gloves,500000,Toolbox Talk / Site Safety Induction,Skilled Worker / Labour
2026-07-07,W-014,Worker 14,Steel Fixing,Bar Bending,Regular,P,8,0,0,0,No,Safety Helmet; Safety Shoes; High-Visibility Vest; Task-Specific Gloves,500000,Toolbox Talk / Site Safety Induction,Skilled Worker / Labour
2026-07-08,W-014,Worker 14,Steel Fixing,Bar Bending,Regular,P,8,0,0,0,No,Safety Helmet; Safety Shoes; High-Visibility Vest; Task-Specific Gloves,500000,Toolbox Talk / Site Safety Induction,Skilled Worker / Labour
2026-07-09,W-014,Worker 14,Steel Fixing,Bar Bending,Regular,P,8,0,0,0,No,Safety Helmet; Safety Shoes; High-Visibility Vest; Task-Specific Gloves,500000,Toolbox Talk / Site Safety Induction,Skilled Worker / Labour
2026-07-10,W-014,Worker 14,Steel Fixing,Bar Bending,Regular,P,8,0,0,0,No,Safety Helmet; Safety Shoes; High-Visibility Vest; Task-Specific Gloves,500000,Toolbox Talk / Site Safety Induction,Skilled Worker / Labour
2026-07-11,W-014,Worker 14,Steel Fixing,Bar Bending,Regular,P,8,0,0,0,No,Safety Helmet; Safety Shoes; High-Visibility Vest; Task-Specific Gloves,500000,Toolbox Talk / Site Safety Induction,Skilled Worker / Labour
2026-07-12,W-014,Worker 14,Steel Fixing,Bar Bending,Regular,H,0,0,0,0,Yes,Safety Helmet; Safety Shoes; High-Visibility Vest; Task-Specific Gloves,500000,Toolbox Talk / Site Safety Induction,Skilled Worker / Labour
2026-07-13,W-014,Worker 14,Steel Fixing,Bar Bending,Regular,P,8,0,0,0,No,Safety Helmet; Safety Shoes; High-Visibility Vest; Task-Specific Gloves,500000,Toolbox Talk / Site Safety Induction,Skilled Worker / Labour
2026-07-14,W-014,Worker 14,Steel Fixing,Bar Bending,Regular,P,8,0,0,0,No,Safety Helmet; Safety Shoes; High-Visibility Vest; Task-Specific Gloves,500000,Toolbox Talk / Site Safety Induction,Skilled Worker / Labour
2026-07-15,W-014,Worker 14,Steel Fixing,Bar Bending,Regular,P,8,0,0,0,No,Safety Helmet; Safety Shoes; High-Visibility Vest; Task-Specific Gloves,500000,Toolbox Talk / Site Safety Induction,Skilled Worker / Labour
2026-07-16,W-014,Worker 14,Steel Fixing,Bar Bending,Regular,A,0,0,0,0,No,Safety Helmet; Safety Shoes; High-Visibility Vest; Task-Specific Gloves,500000,Toolbox Talk / Site Safety Induction,Skilled Worker / Labour
2026-07-17,W-014,Worker 14,Steel Fixing,Bar Bending,Regular,P,8,0,0,0,No,Safety Helmet; Safety Shoes; High-Visibility Vest; Task-Specific Gloves,500000,Toolbox Talk / Site Safety Induction,Skilled Worker / Labour
2026-07-18,W-014,Worker 14,Steel Fixing,Bar Bending,Regular,P,8,0,0,0,No,Safety Helmet; Safety Shoes; High-Visibility Vest; Task-Specific Gloves,500000,Toolbox Talk / Site Safety Induction,Skilled Worker / Labour
2026-07-19,W-014,Worker 14,Steel Fixing,Bar Bending,Regular,H,0,0,0,0,Yes,Safety Helmet; Safety Shoes; High-Visibility Vest; Task-Specific Gloves,500000,Toolbox Talk / Site Safety Induction,Skilled Worker / Labour
2026-07-20,W-014,Worker 14,Steel Fixing,Bar Bending,Regular,P,8,0,0,0,No,Safety Helmet; Safety Shoes; High-Visibility Vest; Task-Specific Gloves,500000,Toolbox Talk / Site Safety Induction,Skilled Worker / Labour
2026-07-21,W-014,Worker 14,Steel Fixing,Bar Bending,Regular,P,8,0,0,0,No,Safety Helmet; Safety Shoes; High-Visibility Vest; Task-Specific Gloves,500000,Toolbox Talk / Site Safety Induction,Skilled Worker / Labour
2026-07-22,W-014,Worker 14,Steel Fixing,Bar Bending,Regular,P,8,0,0,0,No,Safety Helmet; Safety Shoes; High-Visibility Vest; Task-Specific Gloves,500000,Toolbox Talk / Site Safety Induction,Skilled Worker / Labour
2026-07-23,W-014,Worker 14,Steel Fixing,Bar Bending,Regular,P,8,0,0,0,No,Safety Helmet; Safety Shoes; High-Visibility Vest; Task-Specific Gloves,500000,Toolbox Talk / Site Safety Induction,Skilled Worker / Labour
2026-07-24,W-014,Worker 14,Steel Fixing,Bar Bending,Regular,P,8,0,0,0,No,Safety Helmet; Safety Shoes; High-Visibility Vest; Task-Specific Gloves,500000,Toolbox Talk / Site Safety Induction,Skilled Worker / Labour
2026-07-25,W-014,Worker 14,Steel Fixing,Bar Bending,Regular,P,8,0,0,0,No,Safety Helmet; Safety Shoes; High-Visibility Vest; Task-Specific Gloves,500000,Toolbox Talk / Site Safety Induction,Skilled Worker / Labour
2026-07-26,W-014,Worker 14,Steel Fixing,Bar Bending,Regular,H,0,0,0,0,Yes,Safety Helmet; Safety Shoes; High-Visibility Vest; Task-Specific Gloves,500000,Toolbox Talk / Site Safety Induction,Skilled Worker / Labour
2026-07-27,W-014,Worker 14,Steel Fixing,Bar Bending,Regular,P,8,0,0,0,No,Safety Helmet; Safety Shoes; High-Visibility Vest; Task-Specific Gloves,500000,Toolbox Talk / Site Safety Induction,Skilled Worker / Labour
2026-07-28,W-014,Worker 14,Steel Fixing,Bar Bending,Regular,P,8,0,0,0,No,Safety Helmet; Safety Shoes; High-Visibility Vest; Task-Specific Gloves,500000,Toolbox Talk / Site Safety Induction,Skilled Worker / Labour
2026-07-29,W-014,Worker 14,Steel Fixing,Bar Bending,Regular,P,8,0,0,0,No,Safety Helmet; Safety Shoes; High-Visibility Vest; Task-Specific Gloves,500000,Toolbox Talk / Site Safety Induction,Skilled Worker / Labour
2026-07-30,W-014,Worker 14,Steel Fixing,Bar Bending,Regular,P,8,0,0,0,No,Safety Helmet; Safety Shoes; High-Visibility Vest; Task-Specific Gloves,500000,Toolbox Talk / Site Safety Induction,Skilled Worker / Labour
2026-07-01,W-015,Worker 15,Steel Fixing,Column Reinforcement,Regular,P,8,0,0,0,No,Safety Helmet; Safety Shoes; High-Visibility Vest; Task-Specific Gloves,500000,Toolbox Talk / Site Safety Induction,Skilled Worker / Labour
2026-07-02,W-015,Worker 15,Steel Fixing,Column Reinforcement,Regular,P,8,0,0,0,No,Safety Helmet; Safety Shoes; High-Visibility Vest; Task-Specific Gloves,500000,Toolbox Talk / Site Safety Induction,Skilled Worker / Labour
2026-07-03,W-015,Worker 15,Steel Fixing,Column Reinforcement,Regular,P,8,0,0,0,No,Safety Helmet; Safety Shoes; High-Visibility Vest; Task-Specific Gloves,500000,Toolbox Talk / Site Safety Induction,Skilled Worker / Labour
2026-07-04,W-015,Worker 15,Steel Fixing,Column Reinforcement,Regular,P,8,0,0,0,No,Safety Helmet; Safety Shoes; High-Visibility Vest; Task-Specific Gloves,500000,Toolbox Talk / Site Safety Induction,Skilled Worker / Labour
2026-07-05,W-015,Worker 15,Steel Fixing,Column Reinforcement,Regular,H,0,0,0,0,Yes,Safety Helmet; Safety Shoes; High-Visibility Vest; Task-Specific Gloves,500000,Toolbox Talk / Site Safety Induction,Skilled Worker / Labour
2026-07-06,W-015,Worker 15,Steel Fixing,Column Reinforcement,Regular,P,8,0,0,0,No,Safety Helmet; Safety Shoes; High-Visibility Vest; Task-Specific Gloves,500000,Toolbox Talk / Site Safety Induction,Skilled Worker / Labour
2026-07-07,W-015,Worker 15,Steel Fixing,Column Reinforcement,Regular,P,8,0,0,0,No,Safety Helmet; Safety Shoes; High-Visibility Vest; Task-Specific Gloves,500000,Toolbox Talk / Site Safety Induction,Skilled Worker / Labour
2026-07-08,W-015,Worker 15,Steel Fixing,Column Reinforcement,Regular,P,8,0,0,0,No,Safety Helmet; Safety Shoes; High-Visibility Vest; Task-Specific Gloves,500000,Toolbox Talk / Site Safety Induction,Skilled Worker / Labour
2026-07-09,W-015,Worker 15,Steel Fixing,Column Reinforcement,Regular,P,8,0,0,0,No,Safety Helmet; Safety Shoes; High-Visibility Vest; Task-Specific Gloves,500000,Toolbox Talk / Site Safety Induction,Skilled Worker / Labour
2026-07-10,W-015,Worker 15,Steel Fixing,Column Reinforcement,Regular,P,8,0,0,0,No,Safety Helmet; Safety Shoes; High-Visibility Vest; Task-Specific Gloves,500000,Toolbox Talk / Site Safety Induction,Skilled Worker / Labour
2026-07-11,W-015,Worker 15,Steel Fixing,Column Reinforcement,Regular,P,8,0,0,0,No,Safety Helmet; Safety Shoes; High-Visibility Vest; Task-Specific Gloves,500000,Toolbox Talk / Site Safety Induction,Skilled Worker / Labour
2026-07-12,W-015,Worker 15,Steel Fixing,Column Reinforcement,Regular,H,0,0,0,0,Yes,Safety Helmet; Safety Shoes; High-Visibility Vest; Task-Specific Gloves,500000,Toolbox Talk / Site Safety Induction,Skilled Worker / Labour
2026-07-13,W-015,Worker 15,Steel Fixing,Column Reinforcement,Regular,P,8,0,0,0,No,Safety Helmet; Safety Shoes; High-Visibility Vest; Task-Specific Gloves,500000,Toolbox Talk / Site Safety Induction,Skilled Worker / Labour
2026-07-14,W-015,Worker 15,Steel Fixing,Column Reinforcement,Regular,P,8,0,0,0,No,Safety Helmet; Safety Shoes; High-Visibility Vest; Task-Specific Gloves,500000,Toolbox Talk / Site Safety Induction,Skilled Worker / Labour
2026-07-15,W-015,Worker 15,Steel Fixing,Column Reinforcement,Regular,A,0,0,0,0,No,Safety Helmet; Safety Shoes; High-Visibility Vest; Task-Specific Gloves,500000,Toolbox Talk / Site Safety Induction,Skilled Worker / Labour
2026-07-16,W-015,Worker 15,Steel Fixing,Column Reinforcement,Regular,P,8,0,0,0,No,Safety Helmet; Safety Shoes; High-Visibility Vest; Task-Specific Gloves,500000,Toolbox Talk / Site Safety Induction,Skilled Worker / Labour
2026-07-17,W-015,Worker 15,Steel Fixing,Column Reinforcement,Regular,P,8,0,0,0,No,Safety Helmet; Safety Shoes; High-Visibility Vest; Task-Specific Gloves,500000,Toolbox Talk / Site Safety Induction,Skilled Worker / Labour
2026-07-18,W-015,Worker 15,Steel Fixing,Column Reinforcement,Regular,P,8,0,0,0,No,Safety Helmet; Safety Shoes; High-Visibility Vest; Task-Specific Gloves,500000,Toolbox Talk / Site Safety Induction,Skilled Worker / Labour
2026-07-19,W-015,Worker 15,Steel Fixing,Column Reinforcement,Regular,H,0,0,0,0,Yes,Safety Helmet; Safety Shoes; High-Visibility Vest; Task-Specific Gloves,500000,Toolbox Talk / Site Safety Induction,Skilled Worker / Labour
2026-07-20,W-015,Worker 15,Steel Fixing,Column Reinforcement,Regular,P,8,0,0,0,No,Safety Helmet; Safety Shoes; High-Visibility Vest; Task-Specific Gloves,500000,Toolbox Talk / Site Safety Induction,Skilled Worker / Labour
2026-07-21,W-015,Worker 15,Steel Fixing,Column Reinforcement,Regular,P,8,0,0,0,No,Safety Helmet; Safety Shoes; High-Visibility Vest; Task-Specific Gloves,500000,Toolbox Talk / Site Safety Induction,Skilled Worker / Labour
2026-07-22,W-015,Worker 15,Steel Fixing,Column Reinforcement,Regular,P,8,0,0,0,No,Safety Helmet; Safety Shoes; High-Visibility Vest; Task-Specific Gloves,500000,Toolbox Talk / Site Safety Induction,Skilled Worker / Labour
2026-07-23,W-015,Worker 15,Steel Fixing,Column Reinforcement,Regular,P,8,0,0,0,No,Safety Helmet; Safety Shoes; High-Visibility Vest; Task-Specific Gloves,500000,Toolbox Talk / Site Safety Induction,Skilled Worker / Labour
2026-07-24,W-015,Worker 15,Steel Fixing,Column Reinforcement,Regular,P,8,0,0,0,No,Safety Helmet; Safety Shoes; High-Visibility Vest; Task-Specific Gloves,500000,Toolbox Talk / Site Safety Induction,Skilled Worker / Labour
2026-07-25,W-015,Worker 15,Steel Fixing,Column Reinforcement,Regular,P,8,0,0,0,No,Safety Helmet; Safety Shoes; High-Visibility Vest; Task-Specific Gloves,500000,Toolbox Talk / Site Safety Induction,Skilled Worker / Labour
2026-07-26,W-015,Worker 15,Steel Fixing,Column Reinforcement,Regular,H,0,0,0,0,Yes,Safety Helmet; Safety Shoes; High-Visibility Vest; Task-Specific Gloves,500000,Toolbox Talk / Site Safety Induction,Skilled Worker / Labour
2026-07-27,W-015,Worker 15,Steel Fixing,Column Reinforcement,Regular,P,8,0,0,0,No,Safety Helmet; Safety Shoes; High-Visibility Vest; Task-Specific Gloves,500000,Toolbox Talk / Site Safety Induction,Skilled Worker / Labour
2026-07-28,W-015,Worker 15,Steel Fixing,Column Reinforcement,Regular,P,8,0,0,0,No,Safety Helmet; Safety Shoes; High-Visibility Vest; Task-Specific Gloves,500000,Toolbox Talk / Site Safety Induction,Skilled Worker / Labour
2026-07-29,W-015,Worker 15,Steel Fixing,Column Reinforcement,Regular,P,8,0,0,0,No,Safety Helmet; Safety Shoes; High-Visibility Vest; Task-Specific Gloves,500000,Toolbox Talk / Site Safety Induction,Skilled Worker / Labour
2026-07-30,W-015,Worker 15,Steel Fixing,Column Reinforcement,Regular,P,8,0,0,0,No,Safety Helmet; Safety Shoes; High-Visibility Vest; Task-Specific Gloves,500000,Toolbox Talk / Site Safety Induction,Skilled Worker / Labour
2026-07-01,W-016,Worker 16,Concrete Work,Concrete Placement,Regular,P,8,0,0,0,No,Safety Helmet; Safety Shoes; High-Visibility Vest; Task-Specific Gloves,500000,Toolbox Talk / Site Safety Induction,Skilled Worker / Labour
2026-07-02,W-016,Worker 16,Concrete Work,Concrete Placement,Regular,P,8,0,0,0,No,Safety Helmet; Safety Shoes; High-Visibility Vest; Task-Specific Gloves,500000,Toolbox Talk / Site Safety Induction,Skilled Worker / Labour
2026-07-03,W-016,Worker 16,Concrete Work,Concrete Placement,Regular,P,8,0,0,0,No,Safety Helmet; Safety Shoes; High-Visibility Vest; Task-Specific Gloves,500000,Toolbox Talk / Site Safety Induction,Skilled Worker / Labour
2026-07-04,W-016,Worker 16,Concrete Work,Concrete Placement,Regular,P,8,0,0,0,No,Safety Helmet; Safety Shoes; High-Visibility Vest; Task-Specific Gloves,500000,Toolbox Talk / Site Safety Induction,Skilled Worker / Labour
2026-07-05,W-016,Worker 16,Concrete Work,Concrete Placement,Regular,H,0,0,0,0,Yes,Safety Helmet; Safety Shoes; High-Visibility Vest; Task-Specific Gloves,500000,Toolbox Talk / Site Safety Induction,Skilled Worker / Labour
2026-07-06,W-016,Worker 16,Concrete Work,Concrete Placement,Regular,P,8,0,0,0,No,Safety Helmet; Safety Shoes; High-Visibility Vest; Task-Specific Gloves,500000,Toolbox Talk / Site Safety Induction,Skilled Worker / Labour
2026-07-07,W-016,Worker 16,Concrete Work,Concrete Placement,Regular,P,8,0,0,0,No,Safety Helmet; Safety Shoes; High-Visibility Vest; Task-Specific Gloves,500000,Toolbox Talk / Site Safety Induction,Skilled Worker / Labour
2026-07-08,W-016,Worker 16,Concrete Work,Concrete Placement,Regular,P,8,0,0,0,No,Safety Helmet; Safety Shoes; High-Visibility Vest; Task-Specific Gloves,500000,Toolbox Talk / Site Safety Induction,Skilled Worker / Labour
2026-07-09,W-016,Worker 16,Concrete Work,Concrete Placement,Regular,P,8,0,0,0,No,Safety Helmet; Safety Shoes; High-Visibility Vest; Task-Specific Gloves,500000,Toolbox Talk / Site Safety Induction,Skilled Worker / Labour
2026-07-10,W-016,Worker 16,Concrete Work,Concrete Placement,Regular,P,8,0,0,0,No,Safety Helmet; Safety Shoes; High-Visibility Vest; Task-Specific Gloves,500000,Toolbox Talk / Site Safety Induction,Skilled Worker / Labour
2026-07-11,W-016,Worker 16,Concrete Work,Concrete Placement,Regular,P,8,0,0,0,No,Safety Helmet; Safety Shoes; High-Visibility Vest; Task-Specific Gloves,500000,Toolbox Talk / Site Safety Induction,Skilled Worker / Labour
2026-07-12,W-016,Worker 16,Concrete Work,Concrete Placement,Regular,H,0,0,0,0,Yes,Safety Helmet; Safety Shoes; High-Visibility Vest; Task-Specific Gloves,500000,Toolbox Talk / Site Safety Induction,Skilled Worker / Labour
2026-07-13,W-016,Worker 16,Concrete Work,Concrete Placement,Regular,P,8,0,0,0,No,Safety Helmet; Safety Shoes; High-Visibility Vest; Task-Specific Gloves,500000,Toolbox Talk / Site Safety Induction,Skilled Worker / Labour
2026-07-14,W-016,Worker 16,Concrete Work,Concrete Placement,Regular,A,0,0,0,0,No,Safety Helmet; Safety Shoes; High-Visibility Vest; Task-Specific Gloves,500000,Toolbox Talk / Site Safety Induction,Skilled Worker / Labour
2026-07-15,W-016,Worker 16,Concrete Work,Concrete Placement,Regular,P,8,0,0,0,No,Safety Helmet; Safety Shoes; High-Visibility Vest; Task-Specific Gloves,500000,Toolbox Talk / Site Safety Induction,Skilled Worker / Labour
2026-07-16,W-016,Worker 16,Concrete Work,Concrete Placement,Regular,P,8,0,0,0,No,Safety Helmet; Safety Shoes; High-Visibility Vest; Task-Specific Gloves,500000,Toolbox Talk / Site Safety Induction,Skilled Worker / Labour
2026-07-17,W-016,Worker 16,Concrete Work,Concrete Placement,Regular,P,8,0,0,0,No,Safety Helmet; Safety Shoes; High-Visibility Vest; Task-Specific Gloves,500000,Toolbox Talk / Site Safety Induction,Skilled Worker / Labour
2026-07-18,W-016,Worker 16,Concrete Work,Concrete Placement,Regular,P,8,0,0,0,No,Safety Helmet; Safety Shoes; High-Visibility Vest; Task-Specific Gloves,500000,Toolbox Talk / Site Safety Induction,Skilled Worker / Labour
2026-07-19,W-016,Worker 16,Concrete Work,Concrete Placement,Regular,H,0,0,0,0,Yes,Safety Helmet; Safety Shoes; High-Visibility Vest; Task-Specific Gloves,500000,Toolbox Talk / Site Safety Induction,Skilled Worker / Labour
2026-07-20,W-016,Worker 16,Concrete Work,Concrete Placement,Regular,P,8,0,0,0,No,Safety Helmet; Safety Shoes; High-Visibility Vest; Task-Specific Gloves,500000,Toolbox Talk / Site Safety Induction,Skilled Worker / Labour
2026-07-21,W-016,Worker 16,Concrete Work,Concrete Placement,Regular,P,8,0,0,0,No,Safety Helmet; Safety Shoes; High-Visibility Vest; Task-Specific Gloves,500000,Toolbox Talk / Site Safety Induction,Skilled Worker / Labour
2026-07-22,W-016,Worker 16,Concrete Work,Concrete Placement,Regular,P,8,0,0,0,No,Safety Helmet; Safety Shoes; High-Visibility Vest; Task-Specific Gloves,500000,Toolbox Talk / Site Safety Induction,Skilled Worker / Labour
2026-07-23,W-016,Worker 16,Concrete Work,Concrete Placement,Regular,P,8,0,0,0,No,Safety Helmet; Safety Shoes; High-Visibility Vest; Task-Specific Gloves,500000,Toolbox Talk / Site Safety Induction,Skilled Worker / Labour
2026-07-24,W-016,Worker 16,Concrete Work,Concrete Placement,Regular,P,8,0,0,0,No,Safety Helmet; Safety Shoes; High-Visibility Vest; Task-Specific Gloves,500000,Toolbox Talk / Site Safety Induction,Skilled Worker / Labour
2026-07-25,W-016,Worker 16,Concrete Work,Concrete Placement,Regular,P,8,0,0,0,No,Safety Helmet; Safety Shoes; High-Visibility Vest; Task-Specific Gloves,500000,Toolbox Talk / Site Safety Induction,Skilled Worker / Labour
2026-07-26,W-016,Worker 16,Concrete Work,Concrete Placement,Regular,H,0,0,0,0,Yes,Safety Helmet; Safety Shoes; High-Visibility Vest; Task-Specific Gloves,500000,Toolbox Talk / Site Safety Induction,Skilled Worker / Labour
2026-07-27,W-016,Worker 16,Concrete Work,Concrete Placement,Regular,P,8,0,0,0,No,Safety Helmet; Safety Shoes; High-Visibility Vest; Task-Specific Gloves,500000,Toolbox Talk / Site Safety Induction,Skilled Worker / Labour
2026-07-28,W-016,Worker 16,Concrete Work,Concrete Placement,Regular,P,8,0,0,0,No,Safety Helmet; Safety Shoes; High-Visibility Vest; Task-Specific Gloves,500000,Toolbox Talk / Site Safety Induction,Skilled Worker / Labour
2026-07-29,W-016,Worker 16,Concrete Work,Concrete Placement,Regular,P,8,0,0,0,No,Safety Helmet; Safety Shoes; High-Visibility Vest; Task-Specific Gloves,500000,Toolbox Talk / Site Safety Induction,Skilled Worker / Labour
2026-07-30,W-016,Worker 16,Concrete Work,Concrete Placement,Regular,P,8,0,0,0,No,Safety Helmet; Safety Shoes; High-Visibility Vest; Task-Specific Gloves,500000,Toolbox Talk / Site Safety Induction,Skilled Worker / Labour
2026-07-01,W-017,Worker 17,Concrete Work,Vibrator Operation,Regular,P,8,0,0,0,No,Safety Helmet; Safety Shoes; High-Visibility Vest; Task-Specific Gloves,500000,Toolbox Talk / Site Safety Induction,Skilled Worker / Labour
2026-07-02,W-017,Worker 17,Concrete Work,Vibrator Operation,Regular,P,8,0,0,0,No,Safety Helmet; Safety Shoes; High-Visibility Vest; Task-Specific Gloves,500000,Toolbox Talk / Site Safety Induction,Skilled Worker / Labour
2026-07-03,W-017,Worker 17,Concrete Work,Vibrator Operation,Regular,P,8,0,0,0,No,Safety Helmet; Safety Shoes; High-Visibility Vest; Task-Specific Gloves,500000,Toolbox Talk / Site Safety Induction,Skilled Worker / Labour
2026-07-04,W-017,Worker 17,Concrete Work,Vibrator Operation,Regular,P,8,0,0,0,No,Safety Helmet; Safety Shoes; High-Visibility Vest; Task-Specific Gloves,500000,Toolbox Talk / Site Safety Induction,Skilled Worker / Labour
2026-07-05,W-017,Worker 17,Concrete Work,Vibrator Operation,Regular,H,0,0,0,0,Yes,Safety Helmet; Safety Shoes; High-Visibility Vest; Task-Specific Gloves,500000,Toolbox Talk / Site Safety Induction,Skilled Worker / Labour
2026-07-06,W-017,Worker 17,Concrete Work,Vibrator Operation,Regular,P,8,0,0,0,No,Safety Helmet; Safety Shoes; High-Visibility Vest; Task-Specific Gloves,500000,Toolbox Talk / Site Safety Induction,Skilled Worker / Labour
2026-07-07,W-017,Worker 17,Concrete Work,Vibrator Operation,Regular,P,8,0,0,0,No,Safety Helmet; Safety Shoes; High-Visibility Vest; Task-Specific Gloves,500000,Toolbox Talk / Site Safety Induction,Skilled Worker / Labour
2026-07-08,W-017,Worker 17,Concrete Work,Vibrator Operation,Regular,P,8,0,0,0,No,Safety Helmet; Safety Shoes; High-Visibility Vest; Task-Specific Gloves,500000,Toolbox Talk / Site Safety Induction,Skilled Worker / Labour
2026-07-09,W-017,Worker 17,Concrete Work,Vibrator Operation,Regular,P,8,0,0,0,No,Safety Helmet; Safety Shoes; High-Visibility Vest; Task-Specific Gloves,500000,Toolbox Talk / Site Safety Induction,Skilled Worker / Labour
2026-07-10,W-017,Worker 17,Concrete Work,Vibrator Operation,Regular,P,8,0,0,0,No,Safety Helmet; Safety Shoes; High-Visibility Vest; Task-Specific Gloves,500000,Toolbox Talk / Site Safety Induction,Skilled Worker / Labour
2026-07-11,W-017,Worker 17,Concrete Work,Vibrator Operation,Regular,P,8,0,0,0,No,Safety Helmet; Safety Shoes; High-Visibility Vest; Task-Specific Gloves,500000,Toolbox Talk / Site Safety Induction,Skilled Worker / Labour
2026-07-12,W-017,Worker 17,Concrete Work,Vibrator Operation,Regular,H,0,0,0,0,Yes,Safety Helmet; Safety Shoes; High-Visibility Vest; Task-Specific Gloves,500000,Toolbox Talk / Site Safety Induction,Skilled Worker / Labour
2026-07-13,W-017,Worker 17,Concrete Work,Vibrator Operation,Regular,A,0,0,0,0,No,Safety Helmet; Safety Shoes; High-Visibility Vest; Task-Specific Gloves,500000,Toolbox Talk / Site Safety Induction,Skilled Worker / Labour
2026-07-14,W-017,Worker 17,Concrete Work,Vibrator Operation,Regular,P,8,0,0,0,No,Safety Helmet; Safety Shoes; High-Visibility Vest; Task-Specific Gloves,500000,Toolbox Talk / Site Safety Induction,Skilled Worker / Labour
2026-07-15,W-017,Worker 17,Concrete Work,Vibrator Operation,Regular,P,8,0,0,0,No,Safety Helmet; Safety Shoes; High-Visibility Vest; Task-Specific Gloves,500000,Toolbox Talk / Site Safety Induction,Skilled Worker / Labour
2026-07-16,W-017,Worker 17,Concrete Work,Vibrator Operation,Regular,P,8,0,0,0,No,Safety Helmet; Safety Shoes; High-Visibility Vest; Task-Specific Gloves,500000,Toolbox Talk / Site Safety Induction,Skilled Worker / Labour
2026-07-17,W-017,Worker 17,Concrete Work,Vibrator Operation,Regular,P,8,0,0,0,No,Safety Helmet; Safety Shoes; High-Visibility Vest; Task-Specific Gloves,500000,Toolbox Talk / Site Safety Induction,Skilled Worker / Labour
2026-07-18,W-017,Worker 17,Concrete Work,Vibrator Operation,Regular,P,8,0,0,0,No,Safety Helmet; Safety Shoes; High-Visibility Vest; Task-Specific Gloves,500000,Toolbox Talk / Site Safety Induction,Skilled Worker / Labour
2026-07-19,W-017,Worker 17,Concrete Work,Vibrator Operation,Regular,H,0,0,0,0,Yes,Safety Helmet; Safety Shoes; High-Visibility Vest; Task-Specific Gloves,500000,Toolbox Talk / Site Safety Induction,Skilled Worker / Labour
2026-07-20,W-017,Worker 17,Concrete Work,Vibrator Operation,Regular,P,8,0,0,0,No,Safety Helmet; Safety Shoes; High-Visibility Vest; Task-Specific Gloves,500000,Toolbox Talk / Site Safety Induction,Skilled Worker / Labour
2026-07-21,W-017,Worker 17,Concrete Work,Vibrator Operation,Regular,P,8,0,0,0,No,Safety Helmet; Safety Shoes; High-Visibility Vest; Task-Specific Gloves,500000,Toolbox Talk / Site Safety Induction,Skilled Worker / Labour
2026-07-22,W-017,Worker 17,Concrete Work,Vibrator Operation,Regular,P,8,0,0,0,No,Safety Helmet; Safety Shoes; High-Visibility Vest; Task-Specific Gloves,500000,Toolbox Talk / Site Safety Induction,Skilled Worker / Labour
2026-07-23,W-017,Worker 17,Concrete Work,Vibrator Operation,Regular,P,8,0,0,0,No,Safety Helmet; Safety Shoes; High-Visibility Vest; Task-Specific Gloves,500000,Toolbox Talk / Site Safety Induction,Skilled Worker / Labour
2026-07-24,W-017,Worker 17,Concrete Work,Vibrator Operation,Regular,P,8,0,0,0,No,Safety Helmet; Safety Shoes; High-Visibility Vest; Task-Specific Gloves,500000,Toolbox Talk / Site Safety Induction,Skilled Worker / Labour
2026-07-25,W-017,Worker 17,Concrete Work,Vibrator Operation,Regular,P,8,0,0,0,No,Safety Helmet; Safety Shoes; High-Visibility Vest; Task-Specific Gloves,500000,Toolbox Talk / Site Safety Induction,Skilled Worker / Labour
2026-07-26,W-017,Worker 17,Concrete Work,Vibrator Operation,Regular,H,0,0,0,0,Yes,Safety Helmet; Safety Shoes; High-Visibility Vest; Task-Specific Gloves,500000,Toolbox Talk / Site Safety Induction,Skilled Worker / Labour
2026-07-27,W-017,Worker 17,Concrete Work,Vibrator Operation,Regular,P,8,0,0,0,No,Safety Helmet; Safety Shoes; High-Visibility Vest; Task-Specific Gloves,500000,Toolbox Talk / Site Safety Induction,Skilled Worker / Labour
2026-07-28,W-017,Worker 17,Concrete Work,Vibrator Operation,Regular,P,8,0,0,0,No,Safety Helmet; Safety Shoes; High-Visibility Vest; Task-Specific Gloves,500000,Toolbox Talk / Site Safety Induction,Skilled Worker / Labour
2026-07-29,W-017,Worker 17,Concrete Work,Vibrator Operation,Regular,P,8,0,0,0,No,Safety Helmet; Safety Shoes; High-Visibility Vest; Task-Specific Gloves,500000,Toolbox Talk / Site Safety Induction,Skilled Worker / Labour
2026-07-30,W-017,Worker 17,Concrete Work,Vibrator Operation,Regular,P,8,0,0,0,No,Safety Helmet; Safety Shoes; High-Visibility Vest; Task-Specific Gloves,500000,Toolbox Talk / Site Safety Induction,Skilled Worker / Labour
2026-07-01,W-018,Worker 18,Concrete Work,Slab Finishing,Regular,P,8,0,0,0,No,Safety Helmet; Safety Shoes; High-Visibility Vest; Task-Specific Gloves,500000,Toolbox Talk / Site Safety Induction,Skilled Worker / Labour
2026-07-02,W-018,Worker 18,Concrete Work,Slab Finishing,Regular,P,8,0,0,0,No,Safety Helmet; Safety Shoes; High-Visibility Vest; Task-Specific Gloves,500000,Toolbox Talk / Site Safety Induction,Skilled Worker / Labour
2026-07-03,W-018,Worker 18,Concrete Work,Slab Finishing,Regular,P,8,0,0,0,No,Safety Helmet; Safety Shoes; High-Visibility Vest; Task-Specific Gloves,500000,Toolbox Talk / Site Safety Induction,Skilled Worker / Labour
2026-07-04,W-018,Worker 18,Concrete Work,Slab Finishing,Regular,P,8,0,0,0,No,Safety Helmet; Safety Shoes; High-Visibility Vest; Task-Specific Gloves,500000,Toolbox Talk / Site Safety Induction,Skilled Worker / Labour
2026-07-05,W-018,Worker 18,Concrete Work,Slab Finishing,Regular,H,0,0,0,0,Yes,Safety Helmet; Safety Shoes; High-Visibility Vest; Task-Specific Gloves,500000,Toolbox Talk / Site Safety Induction,Skilled Worker / Labour
2026-07-06,W-018,Worker 18,Concrete Work,Slab Finishing,Regular,P,8,0,0,0,No,Safety Helmet; Safety Shoes; High-Visibility Vest; Task-Specific Gloves,500000,Toolbox Talk / Site Safety Induction,Skilled Worker / Labour
2026-07-07,W-018,Worker 18,Concrete Work,Slab Finishing,Regular,P,8,0,0,0,No,Safety Helmet; Safety Shoes; High-Visibility Vest; Task-Specific Gloves,500000,Toolbox Talk / Site Safety Induction,Skilled Worker / Labour
2026-07-08,W-018,Worker 18,Concrete Work,Slab Finishing,Regular,P,8,0,0,0,No,Safety Helmet; Safety Shoes; High-Visibility Vest; Task-Specific Gloves,500000,Toolbox Talk / Site Safety Induction,Skilled Worker / Labour
2026-07-09,W-018,Worker 18,Concrete Work,Slab Finishing,Regular,P,8,0,0,0,No,Safety Helmet; Safety Shoes; High-Visibility Vest; Task-Specific Gloves,500000,Toolbox Talk / Site Safety Induction,Skilled Worker / Labour
2026-07-10,W-018,Worker 18,Concrete Work,Slab Finishing,Regular,P,8,0,0,0,No,Safety Helmet; Safety Shoes; High-Visibility Vest; Task-Specific Gloves,500000,Toolbox Talk / Site Safety Induction,Skilled Worker / Labour
2026-07-11,W-018,Worker 18,Concrete Work,Slab Finishing,Regular,P,8,0,0,0,No,Safety Helmet; Safety Shoes; High-Visibility Vest; Task-Specific Gloves,500000,Toolbox Talk / Site Safety Induction,Skilled Worker / Labour
2026-07-12,W-018,Worker 18,Concrete Work,Slab Finishing,Regular,H,0,0,0,0,Yes,Safety Helmet; Safety Shoes; High-Visibility Vest; Task-Specific Gloves,500000,Toolbox Talk / Site Safety Induction,Skilled Worker / Labour
2026-07-13,W-018,Worker 18,Concrete Work,Slab Finishing,Regular,P,8,0,0,0,No,Safety Helmet; Safety Shoes; High-Visibility Vest; Task-Specific Gloves,500000,Toolbox Talk / Site Safety Induction,Skilled Worker / Labour
2026-07-14,W-018,Worker 18,Concrete Work,Slab Finishing,Regular,P,8,0,0,0,No,Safety Helmet; Safety Shoes; High-Visibility Vest; Task-Specific Gloves,500000,Toolbox Talk / Site Safety Induction,Skilled Worker / Labour
2026-07-15,W-018,Worker 18,Concrete Work,Slab Finishing,Regular,P,8,0,0,0,No,Safety Helmet; Safety Shoes; High-Visibility Vest; Task-Specific Gloves,500000,Toolbox Talk / Site Safety Induction,Skilled Worker / Labour
2026-07-16,W-018,Worker 18,Concrete Work,Slab Finishing,Regular,P,8,0,0,0,No,Safety Helmet; Safety Shoes; High-Visibility Vest; Task-Specific Gloves,500000,Toolbox Talk / Site Safety Induction,Skilled Worker / Labour
2026-07-17,W-018,Worker 18,Concrete Work,Slab Finishing,Regular,P,8,0,0,0,No,Safety Helmet; Safety Shoes; High-Visibility Vest; Task-Specific Gloves,500000,Toolbox Talk / Site Safety Induction,Skilled Worker / Labour
2026-07-18,W-018,Worker 18,Concrete Work,Slab Finishing,Regular,P,8,0,0,0,No,Safety Helmet; Safety Shoes; High-Visibility Vest; Task-Specific Gloves,500000,Toolbox Talk / Site Safety Induction,Skilled Worker / Labour
2026-07-19,W-018,Worker 18,Concrete Work,Slab Finishing,Regular,H,0,0,0,0,Yes,Safety Helmet; Safety Shoes; High-Visibility Vest; Task-Specific Gloves,500000,Toolbox Talk / Site Safety Induction,Skilled Worker / Labour
2026-07-20,W-018,Worker 18,Concrete Work,Slab Finishing,Regular,P,8,0,0,0,No,Safety Helmet; Safety Shoes; High-Visibility Vest; Task-Specific Gloves,500000,Toolbox Talk / Site Safety Induction,Skilled Worker / Labour
2026-07-21,W-018,Worker 18,Concrete Work,Slab Finishing,Regular,P,8,0,0,0,No,Safety Helmet; Safety Shoes; High-Visibility Vest; Task-Specific Gloves,500000,Toolbox Talk / Site Safety Induction,Skilled Worker / Labour
2026-07-22,W-018,Worker 18,Concrete Work,Slab Finishing,Regular,P,8,0,0,0,No,Safety Helmet; Safety Shoes; High-Visibility Vest; Task-Specific Gloves,500000,Toolbox Talk / Site Safety Induction,Skilled Worker / Labour
2026-07-23,W-018,Worker 18,Concrete Work,Slab Finishing,Regular,P,8,0,0,0,No,Safety Helmet; Safety Shoes; High-Visibility Vest; Task-Specific Gloves,500000,Toolbox Talk / Site Safety Induction,Skilled Worker / Labour
2026-07-24,W-018,Worker 18,Concrete Work,Slab Finishing,Regular,P,8,0,0,0,No,Safety Helmet; Safety Shoes; High-Visibility Vest; Task-Specific Gloves,500000,Toolbox Talk / Site Safety Induction,Skilled Worker / Labour
2026-07-25,W-018,Worker 18,Concrete Work,Slab Finishing,Regular,P,8,0,0,0,No,Safety Helmet; Safety Shoes; High-Visibility Vest; Task-Specific Gloves,500000,Toolbox Talk / Site Safety Induction,Skilled Worker / Labour
2026-07-26,W-018,Worker 18,Concrete Work,Slab Finishing,Regular,H,0,0,0,0,Yes,Safety Helmet; Safety Shoes; High-Visibility Vest; Task-Specific Gloves,500000,Toolbox Talk / Site Safety Induction,Skilled Worker / Labour
2026-07-27,W-018,Worker 18,Concrete Work,Slab Finishing,Regular,P,8,0,0,0,No,Safety Helmet; Safety Shoes; High-Visibility Vest; Task-Specific Gloves,500000,Toolbox Talk / Site Safety Induction,Skilled Worker / Labour
2026-07-28,W-018,Worker 18,Concrete Work,Slab Finishing,Regular,P,8,0,0,0,No,Safety Helmet; Safety Shoes; High-Visibility Vest; Task-Specific Gloves,500000,Toolbox Talk / Site Safety Induction,Skilled Worker / Labour
2026-07-29,W-018,Worker 18,Concrete Work,Slab Finishing,Regular,P,8,0,0,0,No,Safety Helmet; Safety Shoes; High-Visibility Vest; Task-Specific Gloves,500000,Toolbox Talk / Site Safety Induction,Skilled Worker / Labour
2026-07-30,W-018,Worker 18,Concrete Work,Slab Finishing,Regular,P,8,0,0,0,No,Safety Helmet; Safety Shoes; High-Visibility Vest; Task-Specific Gloves,500000,Toolbox Talk / Site Safety Induction,Skilled Worker / Labour
2026-07-01,W-019,Worker 19,Concrete Work,Curing Work,Regular,P,8,0,0,0,No,Safety Helmet; Safety Shoes; High-Visibility Vest; Task-Specific Gloves,500000,Toolbox Talk / Site Safety Induction,Skilled Worker / Labour
2026-07-02,W-019,Worker 19,Concrete Work,Curing Work,Regular,P,8,0,0,0,No,Safety Helmet; Safety Shoes; High-Visibility Vest; Task-Specific Gloves,500000,Toolbox Talk / Site Safety Induction,Skilled Worker / Labour
2026-07-03,W-019,Worker 19,Concrete Work,Curing Work,Regular,P,8,0,0,0,No,Safety Helmet; Safety Shoes; High-Visibility Vest; Task-Specific Gloves,500000,Toolbox Talk / Site Safety Induction,Skilled Worker / Labour
2026-07-04,W-019,Worker 19,Concrete Work,Curing Work,Regular,P,8,0,0,0,No,Safety Helmet; Safety Shoes; High-Visibility Vest; Task-Specific Gloves,500000,Toolbox Talk / Site Safety Induction,Skilled Worker / Labour
2026-07-05,W-019,Worker 19,Concrete Work,Curing Work,Regular,H,0,0,0,0,Yes,Safety Helmet; Safety Shoes; High-Visibility Vest; Task-Specific Gloves,500000,Toolbox Talk / Site Safety Induction,Skilled Worker / Labour
2026-07-06,W-019,Worker 19,Concrete Work,Curing Work,Regular,P,8,0,0,0,No,Safety Helmet; Safety Shoes; High-Visibility Vest; Task-Specific Gloves,500000,Toolbox Talk / Site Safety Induction,Skilled Worker / Labour
2026-07-07,W-019,Worker 19,Concrete Work,Curing Work,Regular,P,8,0,0,0,No,Safety Helmet; Safety Shoes; High-Visibility Vest; Task-Specific Gloves,500000,Toolbox Talk / Site Safety Induction,Skilled Worker / Labour
2026-07-08,W-019,Worker 19,Concrete Work,Curing Work,Regular,P,8,0,0,0,No,Safety Helmet; Safety Shoes; High-Visibility Vest; Task-Specific Gloves,500000,Toolbox Talk / Site Safety Induction,Skilled Worker / Labour
2026-07-09,W-019,Worker 19,Concrete Work,Curing Work,Regular,P,8,0,0,0,No,Safety Helmet; Safety Shoes; High-Visibility Vest; Task-Specific Gloves,500000,Toolbox Talk / Site Safety Induction,Skilled Worker / Labour
2026-07-10,W-019,Worker 19,Concrete Work,Curing Work,Regular,P,8,0,0,0,No,Safety Helmet; Safety Shoes; High-Visibility Vest; Task-Specific Gloves,500000,Toolbox Talk / Site Safety Induction,Skilled Worker / Labour
2026-07-11,W-019,Worker 19,Concrete Work,Curing Work,Regular,A,0,0,0,0,No,Safety Helmet; Safety Shoes; High-Visibility Vest; Task-Specific Gloves,500000,Toolbox Talk / Site Safety Induction,Skilled Worker / Labour
2026-07-12,W-019,Worker 19,Concrete Work,Curing Work,Regular,H,0,0,0,0,Yes,Safety Helmet; Safety Shoes; High-Visibility Vest; Task-Specific Gloves,500000,Toolbox Talk / Site Safety Induction,Skilled Worker / Labour
2026-07-13,W-019,Worker 19,Concrete Work,Curing Work,Regular,P,8,0,0,0,No,Safety Helmet; Safety Shoes; High-Visibility Vest; Task-Specific Gloves,500000,Toolbox Talk / Site Safety Induction,Skilled Worker / Labour
2026-07-14,W-019,Worker 19,Concrete Work,Curing Work,Regular,P,8,0,0,0,No,Safety Helmet; Safety Shoes; High-Visibility Vest; Task-Specific Gloves,500000,Toolbox Talk / Site Safety Induction,Skilled Worker / Labour
2026-07-15,W-019,Worker 19,Concrete Work,Curing Work,Regular,P,8,0,0,0,No,Safety Helmet; Safety Shoes; High-Visibility Vest; Task-Specific Gloves,500000,Toolbox Talk / Site Safety Induction,Skilled Worker / Labour
2026-07-16,W-019,Worker 19,Concrete Work,Curing Work,Regular,P,8,0,0,0,No,Safety Helmet; Safety Shoes; High-Visibility Vest; Task-Specific Gloves,500000,Toolbox Talk / Site Safety Induction,Skilled Worker / Labour
2026-07-17,W-019,Worker 19,Concrete Work,Curing Work,Regular,P,8,0,0,0,No,Safety Helmet; Safety Shoes; High-Visibility Vest; Task-Specific Gloves,500000,Toolbox Talk / Site Safety Induction,Skilled Worker / Labour
2026-07-18,W-019,Worker 19,Concrete Work,Curing Work,Regular,P,8,0,0,0,No,Safety Helmet; Safety Shoes; High-Visibility Vest; Task-Specific Gloves,500000,Toolbox Talk / Site Safety Induction,Skilled Worker / Labour
2026-07-19,W-019,Worker 19,Concrete Work,Curing Work,Regular,H,0,0,0,0,Yes,Safety Helmet; Safety Shoes; High-Visibility Vest; Task-Specific Gloves,500000,Toolbox Talk / Site Safety Induction,Skilled Worker / Labour
2026-07-20,W-019,Worker 19,Concrete Work,Curing Work,Regular,P,8,0,0,0,No,Safety Helmet; Safety Shoes; High-Visibility Vest; Task-Specific Gloves,500000,Toolbox Talk / Site Safety Induction,Skilled Worker / Labour
2026-07-21,W-019,Worker 19,Concrete Work,Curing Work,Regular,P,8,0,0,0,No,Safety Helmet; Safety Shoes; High-Visibility Vest; Task-Specific Gloves,500000,Toolbox Talk / Site Safety Induction,Skilled Worker / Labour
2026-07-22,W-019,Worker 19,Concrete Work,Curing Work,Regular,P,8,0,0,0,No,Safety Helmet; Safety Shoes; High-Visibility Vest; Task-Specific Gloves,500000,Toolbox Talk / Site Safety Induction,Skilled Worker / Labour
2026-07-23,W-019,Worker 19,Concrete Work,Curing Work,Regular,P,8,0,0,0,No,Safety Helmet; Safety Shoes; High-Visibility Vest; Task-Specific Gloves,500000,Toolbox Talk / Site Safety Induction,Skilled Worker / Labour
2026-07-24,W-019,Worker 19,Concrete Work,Curing Work,Regular,P,8,0,0,0,No,Safety Helmet; Safety Shoes; High-Visibility Vest; Task-Specific Gloves,500000,Toolbox Talk / Site Safety Induction,Skilled Worker / Labour
2026-07-25,W-019,Worker 19,Concrete Work,Curing Work,Regular,P,8,0,0,0,No,Safety Helmet; Safety Shoes; High-Visibility Vest; Task-Specific Gloves,500000,Toolbox Talk / Site Safety Induction,Skilled Worker / Labour
2026-07-26,W-019,Worker 19,Concrete Work,Curing Work,Regular,H,0,0,0,0,Yes,Safety Helmet; Safety Shoes; High-Visibility Vest; Task-Specific Gloves,500000,Toolbox Talk / Site Safety Induction,Skilled Worker / Labour
2026-07-27,W-019,Worker 19,Concrete Work,Curing Work,Regular,P,8,0,0,0,No,Safety Helmet; Safety Shoes; High-Visibility Vest; Task-Specific Gloves,500000,Toolbox Talk / Site Safety Induction,Skilled Worker / Labour
2026-07-28,W-019,Worker 19,Concrete Work,Curing Work,Regular,P,8,0,0,0,No,Safety Helmet; Safety Shoes; High-Visibility Vest; Task-Specific Gloves,500000,Toolbox Talk / Site Safety Induction,Skilled Worker / Labour
2026-07-29,W-019,Worker 19,Concrete Work,Curing Work,Regular,P,8,0,0,0,No,Safety Helmet; Safety Shoes; High-Visibility Vest; Task-Specific Gloves,500000,Toolbox Talk / Site Safety Induction,Skilled Worker / Labour
2026-07-30,W-019,Worker 19,Concrete Work,Curing Work,Regular,P,8,0,0,0,No,Safety Helmet; Safety Shoes; High-Visibility Vest; Task-Specific Gloves,500000,Toolbox Talk / Site Safety Induction,Skilled Worker / Labour
2026-07-01,W-020,Worker 20,Concrete Work,Concrete Mixing,Regular,P,8,0,0,0,No,Safety Helmet; Safety Shoes; High-Visibility Vest; Task-Specific Gloves,500000,Toolbox Talk / Site Safety Induction,Skilled Worker / Labour
2026-07-02,W-020,Worker 20,Concrete Work,Concrete Mixing,Regular,P,8,0,0,0,No,Safety Helmet; Safety Shoes; High-Visibility Vest; Task-Specific Gloves,500000,Toolbox Talk / Site Safety Induction,Skilled Worker / Labour
2026-07-03,W-020,Worker 20,Concrete Work,Concrete Mixing,Regular,P,8,0,0,0,No,Safety Helmet; Safety Shoes; High-Visibility Vest; Task-Specific Gloves,500000,Toolbox Talk / Site Safety Induction,Skilled Worker / Labour
2026-07-04,W-020,Worker 20,Concrete Work,Concrete Mixing,Regular,P,8,0,0,0,No,Safety Helmet; Safety Shoes; High-Visibility Vest; Task-Specific Gloves,500000,Toolbox Talk / Site Safety Induction,Skilled Worker / Labour
2026-07-05,W-020,Worker 20,Concrete Work,Concrete Mixing,Regular,H,0,0,0,0,Yes,Safety Helmet; Safety Shoes; High-Visibility Vest; Task-Specific Gloves,500000,Toolbox Talk / Site Safety Induction,Skilled Worker / Labour
2026-07-06,W-020,Worker 20,Concrete Work,Concrete Mixing,Regular,P,8,0,0,0,No,Safety Helmet; Safety Shoes; High-Visibility Vest; Task-Specific Gloves,500000,Toolbox Talk / Site Safety Induction,Skilled Worker / Labour
2026-07-07,W-020,Worker 20,Concrete Work,Concrete Mixing,Regular,P,8,0,0,0,No,Safety Helmet; Safety Shoes; High-Visibility Vest; Task-Specific Gloves,500000,Toolbox Talk / Site Safety Induction,Skilled Worker / Labour
2026-07-08,W-020,Worker 20,Concrete Work,Concrete Mixing,Regular,P,8,0,0,0,No,Safety Helmet; Safety Shoes; High-Visibility Vest; Task-Specific Gloves,500000,Toolbox Talk / Site Safety Induction,Skilled Worker / Labour
2026-07-09,W-020,Worker 20,Concrete Work,Concrete Mixing,Regular,P,8,0,0,0,No,Safety Helmet; Safety Shoes; High-Visibility Vest; Task-Specific Gloves,500000,Toolbox Talk / Site Safety Induction,Skilled Worker / Labour
2026-07-10,W-020,Worker 20,Concrete Work,Concrete Mixing,Regular,A,0,0,0,0,No,Safety Helmet; Safety Shoes; High-Visibility Vest; Task-Specific Gloves,500000,Toolbox Talk / Site Safety Induction,Skilled Worker / Labour
2026-07-11,W-020,Worker 20,Concrete Work,Concrete Mixing,Regular,P,8,0,0,0,No,Safety Helmet; Safety Shoes; High-Visibility Vest; Task-Specific Gloves,500000,Toolbox Talk / Site Safety Induction,Skilled Worker / Labour
2026-07-12,W-020,Worker 20,Concrete Work,Concrete Mixing,Regular,H,0,0,0,0,Yes,Safety Helmet; Safety Shoes; High-Visibility Vest; Task-Specific Gloves,500000,Toolbox Talk / Site Safety Induction,Skilled Worker / Labour
2026-07-13,W-020,Worker 20,Concrete Work,Concrete Mixing,Regular,P,8,0,0,0,No,Safety Helmet; Safety Shoes; High-Visibility Vest; Task-Specific Gloves,500000,Toolbox Talk / Site Safety Induction,Skilled Worker / Labour
2026-07-14,W-020,Worker 20,Concrete Work,Concrete Mixing,Regular,P,8,0,0,0,No,Safety Helmet; Safety Shoes; High-Visibility Vest; Task-Specific Gloves,500000,Toolbox Talk / Site Safety Induction,Skilled Worker / Labour
2026-07-15,W-020,Worker 20,Concrete Work,Concrete Mixing,Regular,P,8,0,0,0,No,Safety Helmet; Safety Shoes; High-Visibility Vest; Task-Specific Gloves,500000,Toolbox Talk / Site Safety Induction,Skilled Worker / Labour
2026-07-16,W-020,Worker 20,Concrete Work,Concrete Mixing,Regular,P,8,0,0,0,No,Safety Helmet; Safety Shoes; High-Visibility Vest; Task-Specific Gloves,500000,Toolbox Talk / Site Safety Induction,Skilled Worker / Labour
2026-07-17,W-020,Worker 20,Concrete Work,Concrete Mixing,Regular,P,8,0,0,0,No,Safety Helmet; Safety Shoes; High-Visibility Vest; Task-Specific Gloves,500000,Toolbox Talk / Site Safety Induction,Skilled Worker / Labour
2026-07-18,W-020,Worker 20,Concrete Work,Concrete Mixing,Regular,P,8,0,0,0,No,Safety Helmet; Safety Shoes; High-Visibility Vest; Task-Specific Gloves,500000,Toolbox Talk / Site Safety Induction,Skilled Worker / Labour
2026-07-19,W-020,Worker 20,Concrete Work,Concrete Mixing,Regular,H,0,0,0,0,Yes,Safety Helmet; Safety Shoes; High-Visibility Vest; Task-Specific Gloves,500000,Toolbox Talk / Site Safety Induction,Skilled Worker / Labour
2026-07-20,W-020,Worker 20,Concrete Work,Concrete Mixing,Regular,P,8,0,0,0,No,Safety Helmet; Safety Shoes; High-Visibility Vest; Task-Specific Gloves,500000,Toolbox Talk / Site Safety Induction,Skilled Worker / Labour
2026-07-21,W-020,Worker 20,Concrete Work,Concrete Mixing,Regular,P,8,0,0,0,No,Safety Helmet; Safety Shoes; High-Visibility Vest; Task-Specific Gloves,500000,Toolbox Talk / Site Safety Induction,Skilled Worker / Labour
2026-07-22,W-020,Worker 20,Concrete Work,Concrete Mixing,Regular,P,8,0,0,0,No,Safety Helmet; Safety Shoes; High-Visibility Vest; Task-Specific Gloves,500000,Toolbox Talk / Site Safety Induction,Skilled Worker / Labour
2026-07-23,W-020,Worker 20,Concrete Work,Concrete Mixing,Regular,P,8,0,0,0,No,Safety Helmet; Safety Shoes; High-Visibility Vest; Task-Specific Gloves,500000,Toolbox Talk / Site Safety Induction,Skilled Worker / Labour
2026-07-24,W-020,Worker 20,Concrete Work,Concrete Mixing,Regular,P,8,0,0,0,No,Safety Helmet; Safety Shoes; High-Visibility Vest; Task-Specific Gloves,500000,Toolbox Talk / Site Safety Induction,Skilled Worker / Labour
2026-07-25,W-020,Worker 20,Concrete Work,Concrete Mixing,Regular,P,8,0,0,0,No,Safety Helmet; Safety Shoes; High-Visibility Vest; Task-Specific Gloves,500000,Toolbox Talk / Site Safety Induction,Skilled Worker / Labour
2026-07-26,W-020,Worker 20,Concrete Work,Concrete Mixing,Regular,H,0,0,0,0,Yes,Safety Helmet; Safety Shoes; High-Visibility Vest; Task-Specific Gloves,500000,Toolbox Talk / Site Safety Induction,Skilled Worker / Labour
2026-07-27,W-020,Worker 20,Concrete Work,Concrete Mixing,Regular,P,8,0,0,0,No,Safety Helmet; Safety Shoes; High-Visibility Vest; Task-Specific Gloves,500000,Toolbox Talk / Site Safety Induction,Skilled Worker / Labour
2026-07-28,W-020,Worker 20,Concrete Work,Concrete Mixing,Regular,P,8,0,0,0,No,Safety Helmet; Safety Shoes; High-Visibility Vest; Task-Specific Gloves,500000,Toolbox Talk / Site Safety Induction,Skilled Worker / Labour
2026-07-29,W-020,Worker 20,Concrete Work,Concrete Mixing,Regular,P,8,0,0,0,No,Safety Helmet; Safety Shoes; High-Visibility Vest; Task-Specific Gloves,500000,Toolbox Talk / Site Safety Induction,Skilled Worker / Labour
2026-07-30,W-020,Worker 20,Concrete Work,Concrete Mixing,Regular,P,8,0,0,0,No,Safety Helmet; Safety Shoes; High-Visibility Vest; Task-Specific Gloves,500000,Toolbox Talk / Site Safety Induction,Skilled Worker / Labour
2026-07-01,W-021,Worker 21,Electrical Work,Wiring,Regular,P,8,0,0,0,No,Safety Helmet; Safety Shoes; High-Visibility Vest; Task-Specific Gloves,500000,Toolbox Talk / Site Safety Induction,Skilled Worker / Labour
2026-07-02,W-021,Worker 21,Electrical Work,Wiring,Regular,P,8,0,0,0,No,Safety Helmet; Safety Shoes; High-Visibility Vest; Task-Specific Gloves,500000,Toolbox Talk / Site Safety Induction,Skilled Worker / Labour
2026-07-03,W-021,Worker 21,Electrical Work,Wiring,Regular,P,8,0,0,0,No,Safety Helmet; Safety Shoes; High-Visibility Vest; Task-Specific Gloves,500000,Toolbox Talk / Site Safety Induction,Skilled Worker / Labour
2026-07-04,W-021,Worker 21,Electrical Work,Wiring,Regular,P,8,0,0,0,No,Safety Helmet; Safety Shoes; High-Visibility Vest; Task-Specific Gloves,500000,Toolbox Talk / Site Safety Induction,Skilled Worker / Labour
2026-07-05,W-021,Worker 21,Electrical Work,Wiring,Regular,H,0,0,0,0,Yes,Safety Helmet; Safety Shoes; High-Visibility Vest; Task-Specific Gloves,500000,Toolbox Talk / Site Safety Induction,Skilled Worker / Labour
2026-07-06,W-021,Worker 21,Electrical Work,Wiring,Regular,P,8,0,0,0,No,Safety Helmet; Safety Shoes; High-Visibility Vest; Task-Specific Gloves,500000,Toolbox Talk / Site Safety Induction,Skilled Worker / Labour
2026-07-07,W-021,Worker 21,Electrical Work,Wiring,Regular,P,8,0,0,0,No,Safety Helmet; Safety Shoes; High-Visibility Vest; Task-Specific Gloves,500000,Toolbox Talk / Site Safety Induction,Skilled Worker / Labour
2026-07-08,W-021,Worker 21,Electrical Work,Wiring,Regular,P,8,0,0,0,No,Safety Helmet; Safety Shoes; High-Visibility Vest; Task-Specific Gloves,500000,Toolbox Talk / Site Safety Induction,Skilled Worker / Labour
2026-07-09,W-021,Worker 21,Electrical Work,Wiring,Regular,A,0,0,0,0,No,Safety Helmet; Safety Shoes; High-Visibility Vest; Task-Specific Gloves,500000,Toolbox Talk / Site Safety Induction,Skilled Worker / Labour
2026-07-10,W-021,Worker 21,Electrical Work,Wiring,Regular,P,8,0,0,0,No,Safety Helmet; Safety Shoes; High-Visibility Vest; Task-Specific Gloves,500000,Toolbox Talk / Site Safety Induction,Skilled Worker / Labour
2026-07-11,W-021,Worker 21,Electrical Work,Wiring,Regular,P,8,0,0,0,No,Safety Helmet; Safety Shoes; High-Visibility Vest; Task-Specific Gloves,500000,Toolbox Talk / Site Safety Induction,Skilled Worker / Labour
2026-07-12,W-021,Worker 21,Electrical Work,Wiring,Regular,H,0,0,0,0,Yes,Safety Helmet; Safety Shoes; High-Visibility Vest; Task-Specific Gloves,500000,Toolbox Talk / Site Safety Induction,Skilled Worker / Labour
2026-07-13,W-021,Worker 21,Electrical Work,Wiring,Regular,P,8,0,0,0,No,Safety Helmet; Safety Shoes; High-Visibility Vest; Task-Specific Gloves,500000,Toolbox Talk / Site Safety Induction,Skilled Worker / Labour
2026-07-14,W-021,Worker 21,Electrical Work,Wiring,Regular,P,8,0,0,0,No,Safety Helmet; Safety Shoes; High-Visibility Vest; Task-Specific Gloves,500000,Toolbox Talk / Site Safety Induction,Skilled Worker / Labour
2026-07-15,W-021,Worker 21,Electrical Work,Wiring,Regular,P,8,0,0,0,No,Safety Helmet; Safety Shoes; High-Visibility Vest; Task-Specific Gloves,500000,Toolbox Talk / Site Safety Induction,Skilled Worker / Labour
2026-07-16,W-021,Worker 21,Electrical Work,Wiring,Regular,P,8,0,0,0,No,Safety Helmet; Safety Shoes; High-Visibility Vest; Task-Specific Gloves,500000,Toolbox Talk / Site Safety Induction,Skilled Worker / Labour
2026-07-17,W-021,Worker 21,Electrical Work,Wiring,Regular,P,8,0,0,0,No,Safety Helmet; Safety Shoes; High-Visibility Vest; Task-Specific Gloves,500000,Toolbox Talk / Site Safety Induction,Skilled Worker / Labour
2026-07-18,W-021,Worker 21,Electrical Work,Wiring,Regular,P,8,0,0,0,No,Safety Helmet; Safety Shoes; High-Visibility Vest; Task-Specific Gloves,500000,Toolbox Talk / Site Safety Induction,Skilled Worker / Labour
2026-07-19,W-021,Worker 21,Electrical Work,Wiring,Regular,H,0,0,0,0,Yes,Safety Helmet; Safety Shoes; High-Visibility Vest; Task-Specific Gloves,500000,Toolbox Talk / Site Safety Induction,Skilled Worker / Labour
2026-07-20,W-021,Worker 21,Electrical Work,Wiring,Regular,P,8,0,0,0,No,Safety Helmet; Safety Shoes; High-Visibility Vest; Task-Specific Gloves,500000,Toolbox Talk / Site Safety Induction,Skilled Worker / Labour
2026-07-21,W-021,Worker 21,Electrical Work,Wiring,Regular,P,8,0,0,0,No,Safety Helmet; Safety Shoes; High-Visibility Vest; Task-Specific Gloves,500000,Toolbox Talk / Site Safety Induction,Skilled Worker / Labour
2026-07-22,W-021,Worker 21,Electrical Work,Wiring,Regular,P,8,0,0,0,No,Safety Helmet; Safety Shoes; High-Visibility Vest; Task-Specific Gloves,500000,Toolbox Talk / Site Safety Induction,Skilled Worker / Labour
2026-07-23,W-021,Worker 21,Electrical Work,Wiring,Regular,P,8,0,0,0,No,Safety Helmet; Safety Shoes; High-Visibility Vest; Task-Specific Gloves,500000,Toolbox Talk / Site Safety Induction,Skilled Worker / Labour
2026-07-24,W-021,Worker 21,Electrical Work,Wiring,Regular,P,8,0,0,0,No,Safety Helmet; Safety Shoes; High-Visibility Vest; Task-Specific Gloves,500000,Toolbox Talk / Site Safety Induction,Skilled Worker / Labour
2026-07-25,W-021,Worker 21,Electrical Work,Wiring,Regular,P,8,0,0,0,No,Safety Helmet; Safety Shoes; High-Visibility Vest; Task-Specific Gloves,500000,Toolbox Talk / Site Safety Induction,Skilled Worker / Labour
2026-07-26,W-021,Worker 21,Electrical Work,Wiring,Regular,H,0,0,0,0,Yes,Safety Helmet; Safety Shoes; High-Visibility Vest; Task-Specific Gloves,500000,Toolbox Talk / Site Safety Induction,Skilled Worker / Labour
2026-07-27,W-021,Worker 21,Electrical Work,Wiring,Regular,P,8,0,0,0,No,Safety Helmet; Safety Shoes; High-Visibility Vest; Task-Specific Gloves,500000,Toolbox Talk / Site Safety Induction,Skilled Worker / Labour
2026-07-28,W-021,Worker 21,Electrical Work,Wiring,Regular,P,8,0,0,0,No,Safety Helmet; Safety Shoes; High-Visibility Vest; Task-Specific Gloves,500000,Toolbox Talk / Site Safety Induction,Skilled Worker / Labour
2026-07-29,W-021,Worker 21,Electrical Work,Wiring,Regular,P,8,0,0,0,No,Safety Helmet; Safety Shoes; High-Visibility Vest; Task-Specific Gloves,500000,Toolbox Talk / Site Safety Induction,Skilled Worker / Labour
2026-07-30,W-021,Worker 21,Electrical Work,Wiring,Regular,P,8,0,0,0,No,Safety Helmet; Safety Shoes; High-Visibility Vest; Task-Specific Gloves,500000,Toolbox Talk / Site Safety Induction,Skilled Worker / Labour
2026-07-01,W-022,Worker 22,Electrical Work,Conduit Installation,Regular,P,8,0,0,0,No,Safety Helmet; Safety Shoes; High-Visibility Vest; Task-Specific Gloves,500000,Toolbox Talk / Site Safety Induction,Skilled Worker / Labour
2026-07-02,W-022,Worker 22,Electrical Work,Conduit Installation,Regular,P,8,0,0,0,No,Safety Helmet; Safety Shoes; High-Visibility Vest; Task-Specific Gloves,500000,Toolbox Talk / Site Safety Induction,Skilled Worker / Labour
2026-07-03,W-022,Worker 22,Electrical Work,Conduit Installation,Regular,P,8,0,0,0,No,Safety Helmet; Safety Shoes; High-Visibility Vest; Task-Specific Gloves,500000,Toolbox Talk / Site Safety Induction,Skilled Worker / Labour
2026-07-04,W-022,Worker 22,Electrical Work,Conduit Installation,Regular,P,8,0,0,0,No,Safety Helmet; Safety Shoes; High-Visibility Vest; Task-Specific Gloves,500000,Toolbox Talk / Site Safety Induction,Skilled Worker / Labour
2026-07-05,W-022,Worker 22,Electrical Work,Conduit Installation,Regular,H,0,0,0,0,Yes,Safety Helmet; Safety Shoes; High-Visibility Vest; Task-Specific Gloves,500000,Toolbox Talk / Site Safety Induction,Skilled Worker / Labour
2026-07-06,W-022,Worker 22,Electrical Work,Conduit Installation,Regular,P,8,0,0,0,No,Safety Helmet; Safety Shoes; High-Visibility Vest; Task-Specific Gloves,500000,Toolbox Talk / Site Safety Induction,Skilled Worker / Labour
2026-07-07,W-022,Worker 22,Electrical Work,Conduit Installation,Regular,P,8,0,0,0,No,Safety Helmet; Safety Shoes; High-Visibility Vest; Task-Specific Gloves,500000,Toolbox Talk / Site Safety Induction,Skilled Worker / Labour
2026-07-08,W-022,Worker 22,Electrical Work,Conduit Installation,Regular,A,0,0,0,0,No,Safety Helmet; Safety Shoes; High-Visibility Vest; Task-Specific Gloves,500000,Toolbox Talk / Site Safety Induction,Skilled Worker / Labour
2026-07-09,W-022,Worker 22,Electrical Work,Conduit Installation,Regular,P,8,0,0,0,No,Safety Helmet; Safety Shoes; High-Visibility Vest; Task-Specific Gloves,500000,Toolbox Talk / Site Safety Induction,Skilled Worker / Labour
2026-07-10,W-022,Worker 22,Electrical Work,Conduit Installation,Regular,P,8,0,0,0,No,Safety Helmet; Safety Shoes; High-Visibility Vest; Task-Specific Gloves,500000,Toolbox Talk / Site Safety Induction,Skilled Worker / Labour
2026-07-11,W-022,Worker 22,Electrical Work,Conduit Installation,Regular,P,8,0,0,0,No,Safety Helmet; Safety Shoes; High-Visibility Vest; Task-Specific Gloves,500000,Toolbox Talk / Site Safety Induction,Skilled Worker / Labour
2026-07-12,W-022,Worker 22,Electrical Work,Conduit Installation,Regular,H,0,0,0,0,Yes,Safety Helmet; Safety Shoes; High-Visibility Vest; Task-Specific Gloves,500000,Toolbox Talk / Site Safety Induction,Skilled Worker / Labour
2026-07-13,W-022,Worker 22,Electrical Work,Conduit Installation,Regular,P,8,0,0,0,No,Safety Helmet; Safety Shoes; High-Visibility Vest; Task-Specific Gloves,500000,Toolbox Talk / Site Safety Induction,Skilled Worker / Labour
2026-07-14,W-022,Worker 22,Electrical Work,Conduit Installation,Regular,P,8,0,0,0,No,Safety Helmet; Safety Shoes; High-Visibility Vest; Task-Specific Gloves,500000,Toolbox Talk / Site Safety Induction,Skilled Worker / Labour
2026-07-15,W-022,Worker 22,Electrical Work,Conduit Installation,Regular,P,8,0,0,0,No,Safety Helmet; Safety Shoes; High-Visibility Vest; Task-Specific Gloves,500000,Toolbox Talk / Site Safety Induction,Skilled Worker / Labour
2026-07-16,W-022,Worker 22,Electrical Work,Conduit Installation,Regular,P,8,0,0,0,No,Safety Helmet; Safety Shoes; High-Visibility Vest; Task-Specific Gloves,500000,Toolbox Talk / Site Safety Induction,Skilled Worker / Labour
2026-07-17,W-022,Worker 22,Electrical Work,Conduit Installation,Regular,P,8,0,0,0,No,Safety Helmet; Safety Shoes; High-Visibility Vest; Task-Specific Gloves,500000,Toolbox Talk / Site Safety Induction,Skilled Worker / Labour
2026-07-18,W-022,Worker 22,Electrical Work,Conduit Installation,Regular,P,8,0,0,0,No,Safety Helmet; Safety Shoes; High-Visibility Vest; Task-Specific Gloves,500000,Toolbox Talk / Site Safety Induction,Skilled Worker / Labour
2026-07-19,W-022,Worker 22,Electrical Work,Conduit Installation,Regular,H,0,0,0,0,Yes,Safety Helmet; Safety Shoes; High-Visibility Vest; Task-Specific Gloves,500000,Toolbox Talk / Site Safety Induction,Skilled Worker / Labour
2026-07-20,W-022,Worker 22,Electrical Work,Conduit Installation,Regular,P,8,0,0,0,No,Safety Helmet; Safety Shoes; High-Visibility Vest; Task-Specific Gloves,500000,Toolbox Talk / Site Safety Induction,Skilled Worker / Labour
2026-07-21,W-022,Worker 22,Electrical Work,Conduit Installation,Regular,P,8,0,0,0,No,Safety Helmet; Safety Shoes; High-Visibility Vest; Task-Specific Gloves,500000,Toolbox Talk / Site Safety Induction,Skilled Worker / Labour
2026-07-22,W-022,Worker 22,Electrical Work,Conduit Installation,Regular,P,8,0,0,0,No,Safety Helmet; Safety Shoes; High-Visibility Vest; Task-Specific Gloves,500000,Toolbox Talk / Site Safety Induction,Skilled Worker / Labour
2026-07-23,W-022,Worker 22,Electrical Work,Conduit Installation,Regular,P,8,0,0,0,No,Safety Helmet; Safety Shoes; High-Visibility Vest; Task-Specific Gloves,500000,Toolbox Talk / Site Safety Induction,Skilled Worker / Labour
2026-07-24,W-022,Worker 22,Electrical Work,Conduit Installation,Regular,P,8,0,0,0,No,Safety Helmet; Safety Shoes; High-Visibility Vest; Task-Specific Gloves,500000,Toolbox Talk / Site Safety Induction,Skilled Worker / Labour
2026-07-25,W-022,Worker 22,Electrical Work,Conduit Installation,Regular,P,8,0,0,0,No,Safety Helmet; Safety Shoes; High-Visibility Vest; Task-Specific Gloves,500000,Toolbox Talk / Site Safety Induction,Skilled Worker / Labour
2026-07-26,W-022,Worker 22,Electrical Work,Conduit Installation,Regular,H,0,0,0,0,Yes,Safety Helmet; Safety Shoes; High-Visibility Vest; Task-Specific Gloves,500000,Toolbox Talk / Site Safety Induction,Skilled Worker / Labour
2026-07-27,W-022,Worker 22,Electrical Work,Conduit Installation,Regular,P,8,0,0,0,No,Safety Helmet; Safety Shoes; High-Visibility Vest; Task-Specific Gloves,500000,Toolbox Talk / Site Safety Induction,Skilled Worker / Labour
2026-07-28,W-022,Worker 22,Electrical Work,Conduit Installation,Regular,P,8,0,0,0,No,Safety Helmet; Safety Shoes; High-Visibility Vest; Task-Specific Gloves,500000,Toolbox Talk / Site Safety Induction,Skilled Worker / Labour
2026-07-29,W-022,Worker 22,Electrical Work,Conduit Installation,Regular,P,8,0,0,0,No,Safety Helmet; Safety Shoes; High-Visibility Vest; Task-Specific Gloves,500000,Toolbox Talk / Site Safety Induction,Skilled Worker / Labour
2026-07-30,W-022,Worker 22,Electrical Work,Conduit Installation,Regular,P,8,0,0,0,No,Safety Helmet; Safety Shoes; High-Visibility Vest; Task-Specific Gloves,500000,Toolbox Talk / Site Safety Induction,Skilled Worker / Labour
2026-07-01,W-023,Worker 23,Electrical Work,Panel Installation,Regular,P,8,0,0,0,No,Safety Helmet; Safety Shoes; High-Visibility Vest; Task-Specific Gloves,500000,Toolbox Talk / Site Safety Induction,Skilled Worker / Labour
2026-07-02,W-023,Worker 23,Electrical Work,Panel Installation,Regular,P,8,0,0,0,No,Safety Helmet; Safety Shoes; High-Visibility Vest; Task-Specific Gloves,500000,Toolbox Talk / Site Safety Induction,Skilled Worker / Labour
2026-07-03,W-023,Worker 23,Electrical Work,Panel Installation,Regular,P,8,0,0,0,No,Safety Helmet; Safety Shoes; High-Visibility Vest; Task-Specific Gloves,500000,Toolbox Talk / Site Safety Induction,Skilled Worker / Labour
2026-07-04,W-023,Worker 23,Electrical Work,Panel Installation,Regular,P,8,0,0,0,No,Safety Helmet; Safety Shoes; High-Visibility Vest; Task-Specific Gloves,500000,Toolbox Talk / Site Safety Induction,Skilled Worker / Labour
2026-07-05,W-023,Worker 23,Electrical Work,Panel Installation,Regular,H,0,0,0,0,Yes,Safety Helmet; Safety Shoes; High-Visibility Vest; Task-Specific Gloves,500000,Toolbox Talk / Site Safety Induction,Skilled Worker / Labour
2026-07-06,W-023,Worker 23,Electrical Work,Panel Installation,Regular,P,8,0,0,0,No,Safety Helmet; Safety Shoes; High-Visibility Vest; Task-Specific Gloves,500000,Toolbox Talk / Site Safety Induction,Skilled Worker / Labour
2026-07-07,W-023,Worker 23,Electrical Work,Panel Installation,Regular,A,0,0,0,0,No,Safety Helmet; Safety Shoes; High-Visibility Vest; Task-Specific Gloves,500000,Toolbox Talk / Site Safety Induction,Skilled Worker / Labour
2026-07-08,W-023,Worker 23,Electrical Work,Panel Installation,Regular,P,8,0,0,0,No,Safety Helmet; Safety Shoes; High-Visibility Vest; Task-Specific Gloves,500000,Toolbox Talk / Site Safety Induction,Skilled Worker / Labour
2026-07-09,W-023,Worker 23,Electrical Work,Panel Installation,Regular,P,8,0,0,0,No,Safety Helmet; Safety Shoes; High-Visibility Vest; Task-Specific Gloves,500000,Toolbox Talk / Site Safety Induction,Skilled Worker / Labour
2026-07-10,W-023,Worker 23,Electrical Work,Panel Installation,Regular,P,8,0,0,0,No,Safety Helmet; Safety Shoes; High-Visibility Vest; Task-Specific Gloves,500000,Toolbox Talk / Site Safety Induction,Skilled Worker / Labour
2026-07-11,W-023,Worker 23,Electrical Work,Panel Installation,Regular,P,8,0,0,0,No,Safety Helmet; Safety Shoes; High-Visibility Vest; Task-Specific Gloves,500000,Toolbox Talk / Site Safety Induction,Skilled Worker / Labour
2026-07-12,W-023,Worker 23,Electrical Work,Panel Installation,Regular,H,0,0,0,0,Yes,Safety Helmet; Safety Shoes; High-Visibility Vest; Task-Specific Gloves,500000,Toolbox Talk / Site Safety Induction,Skilled Worker / Labour
2026-07-13,W-023,Worker 23,Electrical Work,Panel Installation,Regular,P,8,0,0,0,No,Safety Helmet; Safety Shoes; High-Visibility Vest; Task-Specific Gloves,500000,Toolbox Talk / Site Safety Induction,Skilled Worker / Labour
2026-07-14,W-023,Worker 23,Electrical Work,Panel Installation,Regular,P,8,0,0,0,No,Safety Helmet; Safety Shoes; High-Visibility Vest; Task-Specific Gloves,500000,Toolbox Talk / Site Safety Induction,Skilled Worker / Labour
2026-07-15,W-023,Worker 23,Electrical Work,Panel Installation,Regular,P,8,0,0,0,No,Safety Helmet; Safety Shoes; High-Visibility Vest; Task-Specific Gloves,500000,Toolbox Talk / Site Safety Induction,Skilled Worker / Labour
2026-07-16,W-023,Worker 23,Electrical Work,Panel Installation,Regular,P,8,0,0,0,No,Safety Helmet; Safety Shoes; High-Visibility Vest; Task-Specific Gloves,500000,Toolbox Talk / Site Safety Induction,Skilled Worker / Labour
2026-07-17,W-023,Worker 23,Electrical Work,Panel Installation,Regular,P,8,0,0,0,No,Safety Helmet; Safety Shoes; High-Visibility Vest; Task-Specific Gloves,500000,Toolbox Talk / Site Safety Induction,Skilled Worker / Labour
2026-07-18,W-023,Worker 23,Electrical Work,Panel Installation,Regular,P,8,0,0,0,No,Safety Helmet; Safety Shoes; High-Visibility Vest; Task-Specific Gloves,500000,Toolbox Talk / Site Safety Induction,Skilled Worker / Labour
2026-07-19,W-023,Worker 23,Electrical Work,Panel Installation,Regular,H,0,0,0,0,Yes,Safety Helmet; Safety Shoes; High-Visibility Vest; Task-Specific Gloves,500000,Toolbox Talk / Site Safety Induction,Skilled Worker / Labour
2026-07-20,W-023,Worker 23,Electrical Work,Panel Installation,Regular,P,8,0,0,0,No,Safety Helmet; Safety Shoes; High-Visibility Vest; Task-Specific Gloves,500000,Toolbox Talk / Site Safety Induction,Skilled Worker / Labour
2026-07-21,W-023,Worker 23,Electrical Work,Panel Installation,Regular,P,8,0,0,0,No,Safety Helmet; Safety Shoes; High-Visibility Vest; Task-Specific Gloves,500000,Toolbox Talk / Site Safety Induction,Skilled Worker / Labour
2026-07-22,W-023,Worker 23,Electrical Work,Panel Installation,Regular,P,8,0,0,0,No,Safety Helmet; Safety Shoes; High-Visibility Vest; Task-Specific Gloves,500000,Toolbox Talk / Site Safety Induction,Skilled Worker / Labour
2026-07-23,W-023,Worker 23,Electrical Work,Panel Installation,Regular,P,8,0,0,0,No,Safety Helmet; Safety Shoes; High-Visibility Vest; Task-Specific Gloves,500000,Toolbox Talk / Site Safety Induction,Skilled Worker / Labour
2026-07-24,W-023,Worker 23,Electrical Work,Panel Installation,Regular,P,8,0,0,0,No,Safety Helmet; Safety Shoes; High-Visibility Vest; Task-Specific Gloves,500000,Toolbox Talk / Site Safety Induction,Skilled Worker / Labour
2026-07-25,W-023,Worker 23,Electrical Work,Panel Installation,Regular,P,8,0,0,0,No,Safety Helmet; Safety Shoes; High-Visibility Vest; Task-Specific Gloves,500000,Toolbox Talk / Site Safety Induction,Skilled Worker / Labour
2026-07-26,W-023,Worker 23,Electrical Work,Panel Installation,Regular,H,0,0,0,0,Yes,Safety Helmet; Safety Shoes; High-Visibility Vest; Task-Specific Gloves,500000,Toolbox Talk / Site Safety Induction,Skilled Worker / Labour
2026-07-27,W-023,Worker 23,Electrical Work,Panel Installation,Regular,P,8,0,0,0,No,Safety Helmet; Safety Shoes; High-Visibility Vest; Task-Specific Gloves,500000,Toolbox Talk / Site Safety Induction,Skilled Worker / Labour
2026-07-28,W-023,Worker 23,Electrical Work,Panel Installation,Regular,P,8,0,0,0,No,Safety Helmet; Safety Shoes; High-Visibility Vest; Task-Specific Gloves,500000,Toolbox Talk / Site Safety Induction,Skilled Worker / Labour
2026-07-29,W-023,Worker 23,Electrical Work,Panel Installation,Regular,P,8,0,0,0,No,Safety Helmet; Safety Shoes; High-Visibility Vest; Task-Specific Gloves,500000,Toolbox Talk / Site Safety Induction,Skilled Worker / Labour
2026-07-30,W-023,Worker 23,Electrical Work,Panel Installation,Regular,P,8,0,0,0,No,Safety Helmet; Safety Shoes; High-Visibility Vest; Task-Specific Gloves,500000,Toolbox Talk / Site Safety Induction,Skilled Worker / Labour
2026-07-01,W-024,Worker 24,Plumbing,Pipe Installation,Regular,P,8,0,0,0,No,Safety Helmet; Safety Shoes; High-Visibility Vest; Task-Specific Gloves,500000,Toolbox Talk / Site Safety Induction,Skilled Worker / Labour
2026-07-02,W-024,Worker 24,Plumbing,Pipe Installation,Regular,P,8,0,0,0,No,Safety Helmet; Safety Shoes; High-Visibility Vest; Task-Specific Gloves,500000,Toolbox Talk / Site Safety Induction,Skilled Worker / Labour
2026-07-03,W-024,Worker 24,Plumbing,Pipe Installation,Regular,P,8,0,0,0,No,Safety Helmet; Safety Shoes; High-Visibility Vest; Task-Specific Gloves,500000,Toolbox Talk / Site Safety Induction,Skilled Worker / Labour
2026-07-04,W-024,Worker 24,Plumbing,Pipe Installation,Regular,P,8,0,0,0,No,Safety Helmet; Safety Shoes; High-Visibility Vest; Task-Specific Gloves,500000,Toolbox Talk / Site Safety Induction,Skilled Worker / Labour
2026-07-05,W-024,Worker 24,Plumbing,Pipe Installation,Regular,H,0,0,0,0,Yes,Safety Helmet; Safety Shoes; High-Visibility Vest; Task-Specific Gloves,500000,Toolbox Talk / Site Safety Induction,Skilled Worker / Labour
2026-07-06,W-024,Worker 24,Plumbing,Pipe Installation,Regular,A,0,0,0,0,No,Safety Helmet; Safety Shoes; High-Visibility Vest; Task-Specific Gloves,500000,Toolbox Talk / Site Safety Induction,Skilled Worker / Labour
2026-07-07,W-024,Worker 24,Plumbing,Pipe Installation,Regular,P,8,0,0,0,No,Safety Helmet; Safety Shoes; High-Visibility Vest; Task-Specific Gloves,500000,Toolbox Talk / Site Safety Induction,Skilled Worker / Labour
2026-07-08,W-024,Worker 24,Plumbing,Pipe Installation,Regular,P,8,0,0,0,No,Safety Helmet; Safety Shoes; High-Visibility Vest; Task-Specific Gloves,500000,Toolbox Talk / Site Safety Induction,Skilled Worker / Labour
2026-07-09,W-024,Worker 24,Plumbing,Pipe Installation,Regular,P,8,0,0,0,No,Safety Helmet; Safety Shoes; High-Visibility Vest; Task-Specific Gloves,500000,Toolbox Talk / Site Safety Induction,Skilled Worker / Labour
2026-07-10,W-024,Worker 24,Plumbing,Pipe Installation,Regular,P,8,0,0,0,No,Safety Helmet; Safety Shoes; High-Visibility Vest; Task-Specific Gloves,500000,Toolbox Talk / Site Safety Induction,Skilled Worker / Labour
2026-07-11,W-024,Worker 24,Plumbing,Pipe Installation,Regular,P,8,0,0,0,No,Safety Helmet; Safety Shoes; High-Visibility Vest; Task-Specific Gloves,500000,Toolbox Talk / Site Safety Induction,Skilled Worker / Labour
2026-07-12,W-024,Worker 24,Plumbing,Pipe Installation,Regular,H,0,0,0,0,Yes,Safety Helmet; Safety Shoes; High-Visibility Vest; Task-Specific Gloves,500000,Toolbox Talk / Site Safety Induction,Skilled Worker / Labour
2026-07-13,W-024,Worker 24,Plumbing,Pipe Installation,Regular,P,8,0,0,0,No,Safety Helmet; Safety Shoes; High-Visibility Vest; Task-Specific Gloves,500000,Toolbox Talk / Site Safety Induction,Skilled Worker / Labour
2026-07-14,W-024,Worker 24,Plumbing,Pipe Installation,Regular,P,8,0,0,0,No,Safety Helmet; Safety Shoes; High-Visibility Vest; Task-Specific Gloves,500000,Toolbox Talk / Site Safety Induction,Skilled Worker / Labour
2026-07-15,W-024,Worker 24,Plumbing,Pipe Installation,Regular,P,8,0,0,0,No,Safety Helmet; Safety Shoes; High-Visibility Vest; Task-Specific Gloves,500000,Toolbox Talk / Site Safety Induction,Skilled Worker / Labour
2026-07-16,W-024,Worker 24,Plumbing,Pipe Installation,Regular,P,8,0,0,0,No,Safety Helmet; Safety Shoes; High-Visibility Vest; Task-Specific Gloves,500000,Toolbox Talk / Site Safety Induction,Skilled Worker / Labour
2026-07-17,W-024,Worker 24,Plumbing,Pipe Installation,Regular,P,8,0,0,0,No,Safety Helmet; Safety Shoes; High-Visibility Vest; Task-Specific Gloves,500000,Toolbox Talk / Site Safety Induction,Skilled Worker / Labour
2026-07-18,W-024,Worker 24,Plumbing,Pipe Installation,Regular,P,8,0,0,0,No,Safety Helmet; Safety Shoes; High-Visibility Vest; Task-Specific Gloves,500000,Toolbox Talk / Site Safety Induction,Skilled Worker / Labour
2026-07-19,W-024,Worker 24,Plumbing,Pipe Installation,Regular,H,0,0,0,0,Yes,Safety Helmet; Safety Shoes; High-Visibility Vest; Task-Specific Gloves,500000,Toolbox Talk / Site Safety Induction,Skilled Worker / Labour
2026-07-20,W-024,Worker 24,Plumbing,Pipe Installation,Regular,P,8,0,0,0,No,Safety Helmet; Safety Shoes; High-Visibility Vest; Task-Specific Gloves,500000,Toolbox Talk / Site Safety Induction,Skilled Worker / Labour
2026-07-21,W-024,Worker 24,Plumbing,Pipe Installation,Regular,P,8,0,0,0,No,Safety Helmet; Safety Shoes; High-Visibility Vest; Task-Specific Gloves,500000,Toolbox Talk / Site Safety Induction,Skilled Worker / Labour
2026-07-22,W-024,Worker 24,Plumbing,Pipe Installation,Regular,P,8,0,0,0,No,Safety Helmet; Safety Shoes; High-Visibility Vest; Task-Specific Gloves,500000,Toolbox Talk / Site Safety Induction,Skilled Worker / Labour
2026-07-23,W-024,Worker 24,Plumbing,Pipe Installation,Regular,P,8,0,0,0,No,Safety Helmet; Safety Shoes; High-Visibility Vest; Task-Specific Gloves,500000,Toolbox Talk / Site Safety Induction,Skilled Worker / Labour
2026-07-24,W-024,Worker 24,Plumbing,Pipe Installation,Regular,P,8,0,0,0,No,Safety Helmet; Safety Shoes; High-Visibility Vest; Task-Specific Gloves,500000,Toolbox Talk / Site Safety Induction,Skilled Worker / Labour
2026-07-25,W-024,Worker 24,Plumbing,Pipe Installation,Regular,P,8,0,0,0,No,Safety Helmet; Safety Shoes; High-Visibility Vest; Task-Specific Gloves,500000,Toolbox Talk / Site Safety Induction,Skilled Worker / Labour
2026-07-26,W-024,Worker 24,Plumbing,Pipe Installation,Regular,H,0,0,0,0,Yes,Safety Helmet; Safety Shoes; High-Visibility Vest; Task-Specific Gloves,500000,Toolbox Talk / Site Safety Induction,Skilled Worker / Labour
2026-07-27,W-024,Worker 24,Plumbing,Pipe Installation,Regular,P,8,0,0,0,No,Safety Helmet; Safety Shoes; High-Visibility Vest; Task-Specific Gloves,500000,Toolbox Talk / Site Safety Induction,Skilled Worker / Labour
2026-07-28,W-024,Worker 24,Plumbing,Pipe Installation,Regular,P,8,0,0,0,No,Safety Helmet; Safety Shoes; High-Visibility Vest; Task-Specific Gloves,500000,Toolbox Talk / Site Safety Induction,Skilled Worker / Labour
2026-07-29,W-024,Worker 24,Plumbing,Pipe Installation,Regular,P,8,0,0,0,No,Safety Helmet; Safety Shoes; High-Visibility Vest; Task-Specific Gloves,500000,Toolbox Talk / Site Safety Induction,Skilled Worker / Labour
2026-07-30,W-024,Worker 24,Plumbing,Pipe Installation,Regular,P,8,0,0,0,No,Safety Helmet; Safety Shoes; High-Visibility Vest; Task-Specific Gloves,500000,Toolbox Talk / Site Safety Induction,Skilled Worker / Labour
2026-07-01,W-025,Worker 25,Plumbing,Sanitary Work,Regular,P,8,0,0,0,No,Safety Helmet; Safety Shoes; High-Visibility Vest; Task-Specific Gloves,500000,Toolbox Talk / Site Safety Induction,Skilled Worker / Labour
2026-07-02,W-025,Worker 25,Plumbing,Sanitary Work,Regular,P,8,0,0,0,No,Safety Helmet; Safety Shoes; High-Visibility Vest; Task-Specific Gloves,500000,Toolbox Talk / Site Safety Induction,Skilled Worker / Labour
2026-07-03,W-025,Worker 25,Plumbing,Sanitary Work,Regular,P,8,0,0,0,No,Safety Helmet; Safety Shoes; High-Visibility Vest; Task-Specific Gloves,500000,Toolbox Talk / Site Safety Induction,Skilled Worker / Labour
2026-07-04,W-025,Worker 25,Plumbing,Sanitary Work,Regular,P,8,0,0,0,No,Safety Helmet; Safety Shoes; High-Visibility Vest; Task-Specific Gloves,500000,Toolbox Talk / Site Safety Induction,Skilled Worker / Labour
2026-07-05,W-025,Worker 25,Plumbing,Sanitary Work,Regular,H,0,0,0,0,Yes,Safety Helmet; Safety Shoes; High-Visibility Vest; Task-Specific Gloves,500000,Toolbox Talk / Site Safety Induction,Skilled Worker / Labour
2026-07-06,W-025,Worker 25,Plumbing,Sanitary Work,Regular,P,8,0,0,0,No,Safety Helmet; Safety Shoes; High-Visibility Vest; Task-Specific Gloves,500000,Toolbox Talk / Site Safety Induction,Skilled Worker / Labour
2026-07-07,W-025,Worker 25,Plumbing,Sanitary Work,Regular,P,8,0,0,0,No,Safety Helmet; Safety Shoes; High-Visibility Vest; Task-Specific Gloves,500000,Toolbox Talk / Site Safety Induction,Skilled Worker / Labour
2026-07-08,W-025,Worker 25,Plumbing,Sanitary Work,Regular,P,8,0,0,0,No,Safety Helmet; Safety Shoes; High-Visibility Vest; Task-Specific Gloves,500000,Toolbox Talk / Site Safety Induction,Skilled Worker / Labour
2026-07-09,W-025,Worker 25,Plumbing,Sanitary Work,Regular,P,8,0,0,0,No,Safety Helmet; Safety Shoes; High-Visibility Vest; Task-Specific Gloves,500000,Toolbox Talk / Site Safety Induction,Skilled Worker / Labour
2026-07-10,W-025,Worker 25,Plumbing,Sanitary Work,Regular,P,8,0,0,0,No,Safety Helmet; Safety Shoes; High-Visibility Vest; Task-Specific Gloves,500000,Toolbox Talk / Site Safety Induction,Skilled Worker / Labour
2026-07-11,W-025,Worker 25,Plumbing,Sanitary Work,Regular,P,8,0,0,0,No,Safety Helmet; Safety Shoes; High-Visibility Vest; Task-Specific Gloves,500000,Toolbox Talk / Site Safety Induction,Skilled Worker / Labour
2026-07-12,W-025,Worker 25,Plumbing,Sanitary Work,Regular,H,0,0,0,0,Yes,Safety Helmet; Safety Shoes; High-Visibility Vest; Task-Specific Gloves,500000,Toolbox Talk / Site Safety Induction,Skilled Worker / Labour
2026-07-13,W-025,Worker 25,Plumbing,Sanitary Work,Regular,P,8,0,0,0,No,Safety Helmet; Safety Shoes; High-Visibility Vest; Task-Specific Gloves,500000,Toolbox Talk / Site Safety Induction,Skilled Worker / Labour
2026-07-14,W-025,Worker 25,Plumbing,Sanitary Work,Regular,P,8,0,0,0,No,Safety Helmet; Safety Shoes; High-Visibility Vest; Task-Specific Gloves,500000,Toolbox Talk / Site Safety Induction,Skilled Worker / Labour
2026-07-15,W-025,Worker 25,Plumbing,Sanitary Work,Regular,P,8,0,0,0,No,Safety Helmet; Safety Shoes; High-Visibility Vest; Task-Specific Gloves,500000,Toolbox Talk / Site Safety Induction,Skilled Worker / Labour
2026-07-16,W-025,Worker 25,Plumbing,Sanitary Work,Regular,P,8,0,0,0,No,Safety Helmet; Safety Shoes; High-Visibility Vest; Task-Specific Gloves,500000,Toolbox Talk / Site Safety Induction,Skilled Worker / Labour
2026-07-17,W-025,Worker 25,Plumbing,Sanitary Work,Regular,P,8,0,0,0,No,Safety Helmet; Safety Shoes; High-Visibility Vest; Task-Specific Gloves,500000,Toolbox Talk / Site Safety Induction,Skilled Worker / Labour
2026-07-18,W-025,Worker 25,Plumbing,Sanitary Work,Regular,P,8,0,0,0,No,Safety Helmet; Safety Shoes; High-Visibility Vest; Task-Specific Gloves,500000,Toolbox Talk / Site Safety Induction,Skilled Worker / Labour
2026-07-19,W-025,Worker 25,Plumbing,Sanitary Work,Regular,H,0,0,0,0,Yes,Safety Helmet; Safety Shoes; High-Visibility Vest; Task-Specific Gloves,500000,Toolbox Talk / Site Safety Induction,Skilled Worker / Labour
2026-07-20,W-025,Worker 25,Plumbing,Sanitary Work,Regular,P,8,0,0,0,No,Safety Helmet; Safety Shoes; High-Visibility Vest; Task-Specific Gloves,500000,Toolbox Talk / Site Safety Induction,Skilled Worker / Labour
2026-07-21,W-025,Worker 25,Plumbing,Sanitary Work,Regular,P,8,0,0,0,No,Safety Helmet; Safety Shoes; High-Visibility Vest; Task-Specific Gloves,500000,Toolbox Talk / Site Safety Induction,Skilled Worker / Labour
2026-07-22,W-025,Worker 25,Plumbing,Sanitary Work,Regular,P,8,0,0,0,No,Safety Helmet; Safety Shoes; High-Visibility Vest; Task-Specific Gloves,500000,Toolbox Talk / Site Safety Induction,Skilled Worker / Labour
2026-07-23,W-025,Worker 25,Plumbing,Sanitary Work,Regular,P,8,0,0,0,No,Safety Helmet; Safety Shoes; High-Visibility Vest; Task-Specific Gloves,500000,Toolbox Talk / Site Safety Induction,Skilled Worker / Labour
2026-07-24,W-025,Worker 25,Plumbing,Sanitary Work,Regular,P,8,0,0,0,No,Safety Helmet; Safety Shoes; High-Visibility Vest; Task-Specific Gloves,500000,Toolbox Talk / Site Safety Induction,Skilled Worker / Labour
2026-07-25,W-025,Worker 25,Plumbing,Sanitary Work,Regular,P,8,0,0,0,No,Safety Helmet; Safety Shoes; High-Visibility Vest; Task-Specific Gloves,500000,Toolbox Talk / Site Safety Induction,Skilled Worker / Labour
2026-07-26,W-025,Worker 25,Plumbing,Sanitary Work,Regular,H,0,0,0,0,Yes,Safety Helmet; Safety Shoes; High-Visibility Vest; Task-Specific Gloves,500000,Toolbox Talk / Site Safety Induction,Skilled Worker / Labour
2026-07-27,W-025,Worker 25,Plumbing,Sanitary Work,Regular,P,8,0,0,0,No,Safety Helmet; Safety Shoes; High-Visibility Vest; Task-Specific Gloves,500000,Toolbox Talk / Site Safety Induction,Skilled Worker / Labour
2026-07-28,W-025,Worker 25,Plumbing,Sanitary Work,Regular,P,8,0,0,0,No,Safety Helmet; Safety Shoes; High-Visibility Vest; Task-Specific Gloves,500000,Toolbox Talk / Site Safety Induction,Skilled Worker / Labour
2026-07-29,W-025,Worker 25,Plumbing,Sanitary Work,Regular,P,8,0,0,0,No,Safety Helmet; Safety Shoes; High-Visibility Vest; Task-Specific Gloves,500000,Toolbox Talk / Site Safety Induction,Skilled Worker / Labour
2026-07-30,W-025,Worker 25,Plumbing,Sanitary Work,Regular,P,8,0,0,0,No,Safety Helmet; Safety Shoes; High-Visibility Vest; Task-Specific Gloves,500000,Toolbox Talk / Site Safety Induction,Skilled Worker / Labour
2026-07-01,W-026,Worker 26,Plumbing,Drainage Work,Regular,P,8,0,0,0,No,Safety Helmet; Safety Shoes; High-Visibility Vest; Task-Specific Gloves,500000,Toolbox Talk / Site Safety Induction,Skilled Worker / Labour
2026-07-02,W-026,Worker 26,Plumbing,Drainage Work,Regular,P,8,0,0,0,No,Safety Helmet; Safety Shoes; High-Visibility Vest; Task-Specific Gloves,500000,Toolbox Talk / Site Safety Induction,Skilled Worker / Labour
2026-07-03,W-026,Worker 26,Plumbing,Drainage Work,Regular,P,8,0,0,0,No,Safety Helmet; Safety Shoes; High-Visibility Vest; Task-Specific Gloves,500000,Toolbox Talk / Site Safety Induction,Skilled Worker / Labour
2026-07-04,W-026,Worker 26,Plumbing,Drainage Work,Regular,A,0,0,0,0,No,Safety Helmet; Safety Shoes; High-Visibility Vest; Task-Specific Gloves,500000,Toolbox Talk / Site Safety Induction,Skilled Worker / Labour
2026-07-05,W-026,Worker 26,Plumbing,Drainage Work,Regular,H,0,0,0,0,Yes,Safety Helmet; Safety Shoes; High-Visibility Vest; Task-Specific Gloves,500000,Toolbox Talk / Site Safety Induction,Skilled Worker / Labour
2026-07-06,W-026,Worker 26,Plumbing,Drainage Work,Regular,P,8,0,0,0,No,Safety Helmet; Safety Shoes; High-Visibility Vest; Task-Specific Gloves,500000,Toolbox Talk / Site Safety Induction,Skilled Worker / Labour
2026-07-07,W-026,Worker 26,Plumbing,Drainage Work,Regular,P,8,0,0,0,No,Safety Helmet; Safety Shoes; High-Visibility Vest; Task-Specific Gloves,500000,Toolbox Talk / Site Safety Induction,Skilled Worker / Labour
2026-07-08,W-026,Worker 26,Plumbing,Drainage Work,Regular,P,8,0,0,0,No,Safety Helmet; Safety Shoes; High-Visibility Vest; Task-Specific Gloves,500000,Toolbox Talk / Site Safety Induction,Skilled Worker / Labour
2026-07-09,W-026,Worker 26,Plumbing,Drainage Work,Regular,P,8,0,0,0,No,Safety Helmet; Safety Shoes; High-Visibility Vest; Task-Specific Gloves,500000,Toolbox Talk / Site Safety Induction,Skilled Worker / Labour
2026-07-10,W-026,Worker 26,Plumbing,Drainage Work,Regular,P,8,0,0,0,No,Safety Helmet; Safety Shoes; High-Visibility Vest; Task-Specific Gloves,500000,Toolbox Talk / Site Safety Induction,Skilled Worker / Labour
2026-07-11,W-026,Worker 26,Plumbing,Drainage Work,Regular,P,8,0,0,0,No,Safety Helmet; Safety Shoes; High-Visibility Vest; Task-Specific Gloves,500000,Toolbox Talk / Site Safety Induction,Skilled Worker / Labour
2026-07-12,W-026,Worker 26,Plumbing,Drainage Work,Regular,H,0,0,0,0,Yes,Safety Helmet; Safety Shoes; High-Visibility Vest; Task-Specific Gloves,500000,Toolbox Talk / Site Safety Induction,Skilled Worker / Labour
2026-07-13,W-026,Worker 26,Plumbing,Drainage Work,Regular,P,8,0,0,0,No,Safety Helmet; Safety Shoes; High-Visibility Vest; Task-Specific Gloves,500000,Toolbox Talk / Site Safety Induction,Skilled Worker / Labour
2026-07-14,W-026,Worker 26,Plumbing,Drainage Work,Regular,P,8,0,0,0,No,Safety Helmet; Safety Shoes; High-Visibility Vest; Task-Specific Gloves,500000,Toolbox Talk / Site Safety Induction,Skilled Worker / Labour
2026-07-15,W-026,Worker 26,Plumbing,Drainage Work,Regular,P,8,0,0,0,No,Safety Helmet; Safety Shoes; High-Visibility Vest; Task-Specific Gloves,500000,Toolbox Talk / Site Safety Induction,Skilled Worker / Labour
2026-07-16,W-026,Worker 26,Plumbing,Drainage Work,Regular,P,8,0,0,0,No,Safety Helmet; Safety Shoes; High-Visibility Vest; Task-Specific Gloves,500000,Toolbox Talk / Site Safety Induction,Skilled Worker / Labour
2026-07-17,W-026,Worker 26,Plumbing,Drainage Work,Regular,P,8,0,0,0,No,Safety Helmet; Safety Shoes; High-Visibility Vest; Task-Specific Gloves,500000,Toolbox Talk / Site Safety Induction,Skilled Worker / Labour
2026-07-18,W-026,Worker 26,Plumbing,Drainage Work,Regular,P,8,0,0,0,No,Safety Helmet; Safety Shoes; High-Visibility Vest; Task-Specific Gloves,500000,Toolbox Talk / Site Safety Induction,Skilled Worker / Labour
2026-07-19,W-026,Worker 26,Plumbing,Drainage Work,Regular,H,0,0,0,0,Yes,Safety Helmet; Safety Shoes; High-Visibility Vest; Task-Specific Gloves,500000,Toolbox Talk / Site Safety Induction,Skilled Worker / Labour
2026-07-20,W-026,Worker 26,Plumbing,Drainage Work,Regular,P,8,0,0,0,No,Safety Helmet; Safety Shoes; High-Visibility Vest; Task-Specific Gloves,500000,Toolbox Talk / Site Safety Induction,Skilled Worker / Labour
2026-07-21,W-026,Worker 26,Plumbing,Drainage Work,Regular,P,8,0,0,0,No,Safety Helmet; Safety Shoes; High-Visibility Vest; Task-Specific Gloves,500000,Toolbox Talk / Site Safety Induction,Skilled Worker / Labour
2026-07-22,W-026,Worker 26,Plumbing,Drainage Work,Regular,P,8,0,0,0,No,Safety Helmet; Safety Shoes; High-Visibility Vest; Task-Specific Gloves,500000,Toolbox Talk / Site Safety Induction,Skilled Worker / Labour
2026-07-23,W-026,Worker 26,Plumbing,Drainage Work,Regular,P,8,0,0,0,No,Safety Helmet; Safety Shoes; High-Visibility Vest; Task-Specific Gloves,500000,Toolbox Talk / Site Safety Induction,Skilled Worker / Labour
2026-07-24,W-026,Worker 26,Plumbing,Drainage Work,Regular,P,8,0,0,0,No,Safety Helmet; Safety Shoes; High-Visibility Vest; Task-Specific Gloves,500000,Toolbox Talk / Site Safety Induction,Skilled Worker / Labour
2026-07-25,W-026,Worker 26,Plumbing,Drainage Work,Regular,P,8,0,0,0,No,Safety Helmet; Safety Shoes; High-Visibility Vest; Task-Specific Gloves,500000,Toolbox Talk / Site Safety Induction,Skilled Worker / Labour
2026-07-26,W-026,Worker 26,Plumbing,Drainage Work,Regular,H,0,0,0,0,Yes,Safety Helmet; Safety Shoes; High-Visibility Vest; Task-Specific Gloves,500000,Toolbox Talk / Site Safety Induction,Skilled Worker / Labour
2026-07-27,W-026,Worker 26,Plumbing,Drainage Work,Regular,P,8,0,0,0,No,Safety Helmet; Safety Shoes; High-Visibility Vest; Task-Specific Gloves,500000,Toolbox Talk / Site Safety Induction,Skilled Worker / Labour
2026-07-28,W-026,Worker 26,Plumbing,Drainage Work,Regular,P,8,0,0,0,No,Safety Helmet; Safety Shoes; High-Visibility Vest; Task-Specific Gloves,500000,Toolbox Talk / Site Safety Induction,Skilled Worker / Labour
2026-07-29,W-026,Worker 26,Plumbing,Drainage Work,Regular,P,8,0,0,0,No,Safety Helmet; Safety Shoes; High-Visibility Vest; Task-Specific Gloves,500000,Toolbox Talk / Site Safety Induction,Skilled Worker / Labour
2026-07-30,W-026,Worker 26,Plumbing,Drainage Work,Regular,P,8,0,0,0,No,Safety Helmet; Safety Shoes; High-Visibility Vest; Task-Specific Gloves,500000,Toolbox Talk / Site Safety Induction,Skilled Worker / Labour
2026-07-01,W-027,Worker 27,Equipment Operation,Excavator Operation,Regular,P,8,0,0,0,No,Safety Helmet; Safety Shoes; High-Visibility Vest; Task-Specific Gloves,500000,Toolbox Talk / Site Safety Induction,Skilled Worker / Labour
2026-07-02,W-027,Worker 27,Equipment Operation,Excavator Operation,Regular,P,8,0,0,0,No,Safety Helmet; Safety Shoes; High-Visibility Vest; Task-Specific Gloves,500000,Toolbox Talk / Site Safety Induction,Skilled Worker / Labour
2026-07-03,W-027,Worker 27,Equipment Operation,Excavator Operation,Regular,A,0,0,0,0,No,Safety Helmet; Safety Shoes; High-Visibility Vest; Task-Specific Gloves,500000,Toolbox Talk / Site Safety Induction,Skilled Worker / Labour
2026-07-04,W-027,Worker 27,Equipment Operation,Excavator Operation,Regular,P,8,0,0,0,No,Safety Helmet; Safety Shoes; High-Visibility Vest; Task-Specific Gloves,500000,Toolbox Talk / Site Safety Induction,Skilled Worker / Labour
2026-07-05,W-027,Worker 27,Equipment Operation,Excavator Operation,Regular,H,0,0,0,0,Yes,Safety Helmet; Safety Shoes; High-Visibility Vest; Task-Specific Gloves,500000,Toolbox Talk / Site Safety Induction,Skilled Worker / Labour
2026-07-06,W-027,Worker 27,Equipment Operation,Excavator Operation,Regular,P,8,0,0,0,No,Safety Helmet; Safety Shoes; High-Visibility Vest; Task-Specific Gloves,500000,Toolbox Talk / Site Safety Induction,Skilled Worker / Labour
2026-07-07,W-027,Worker 27,Equipment Operation,Excavator Operation,Regular,P,8,0,0,0,No,Safety Helmet; Safety Shoes; High-Visibility Vest; Task-Specific Gloves,500000,Toolbox Talk / Site Safety Induction,Skilled Worker / Labour
2026-07-08,W-027,Worker 27,Equipment Operation,Excavator Operation,Regular,P,8,0,0,0,No,Safety Helmet; Safety Shoes; High-Visibility Vest; Task-Specific Gloves,500000,Toolbox Talk / Site Safety Induction,Skilled Worker / Labour
2026-07-09,W-027,Worker 27,Equipment Operation,Excavator Operation,Regular,P,8,0,0,0,No,Safety Helmet; Safety Shoes; High-Visibility Vest; Task-Specific Gloves,500000,Toolbox Talk / Site Safety Induction,Skilled Worker / Labour
2026-07-10,W-027,Worker 27,Equipment Operation,Excavator Operation,Regular,P,8,0,0,0,No,Safety Helmet; Safety Shoes; High-Visibility Vest; Task-Specific Gloves,500000,Toolbox Talk / Site Safety Induction,Skilled Worker / Labour
2026-07-11,W-027,Worker 27,Equipment Operation,Excavator Operation,Regular,P,8,0,0,0,No,Safety Helmet; Safety Shoes; High-Visibility Vest; Task-Specific Gloves,500000,Toolbox Talk / Site Safety Induction,Skilled Worker / Labour
2026-07-12,W-027,Worker 27,Equipment Operation,Excavator Operation,Regular,H,0,0,0,0,Yes,Safety Helmet; Safety Shoes; High-Visibility Vest; Task-Specific Gloves,500000,Toolbox Talk / Site Safety Induction,Skilled Worker / Labour
2026-07-13,W-027,Worker 27,Equipment Operation,Excavator Operation,Regular,P,8,0,0,0,No,Safety Helmet; Safety Shoes; High-Visibility Vest; Task-Specific Gloves,500000,Toolbox Talk / Site Safety Induction,Skilled Worker / Labour
2026-07-14,W-027,Worker 27,Equipment Operation,Excavator Operation,Regular,P,8,0,0,0,No,Safety Helmet; Safety Shoes; High-Visibility Vest; Task-Specific Gloves,500000,Toolbox Talk / Site Safety Induction,Skilled Worker / Labour
2026-07-15,W-027,Worker 27,Equipment Operation,Excavator Operation,Regular,P,8,0,0,0,No,Safety Helmet; Safety Shoes; High-Visibility Vest; Task-Specific Gloves,500000,Toolbox Talk / Site Safety Induction,Skilled Worker / Labour
2026-07-16,W-027,Worker 27,Equipment Operation,Excavator Operation,Regular,P,8,0,0,0,No,Safety Helmet; Safety Shoes; High-Visibility Vest; Task-Specific Gloves,500000,Toolbox Talk / Site Safety Induction,Skilled Worker / Labour
2026-07-17,W-027,Worker 27,Equipment Operation,Excavator Operation,Regular,P,8,0,0,0,No,Safety Helmet; Safety Shoes; High-Visibility Vest; Task-Specific Gloves,500000,Toolbox Talk / Site Safety Induction,Skilled Worker / Labour
2026-07-18,W-027,Worker 27,Equipment Operation,Excavator Operation,Regular,P,8,0,0,0,No,Safety Helmet; Safety Shoes; High-Visibility Vest; Task-Specific Gloves,500000,Toolbox Talk / Site Safety Induction,Skilled Worker / Labour
2026-07-19,W-027,Worker 27,Equipment Operation,Excavator Operation,Regular,H,0,0,0,0,Yes,Safety Helmet; Safety Shoes; High-Visibility Vest; Task-Specific Gloves,500000,Toolbox Talk / Site Safety Induction,Skilled Worker / Labour
2026-07-20,W-027,Worker 27,Equipment Operation,Excavator Operation,Regular,P,8,0,0,0,No,Safety Helmet; Safety Shoes; High-Visibility Vest; Task-Specific Gloves,500000,Toolbox Talk / Site Safety Induction,Skilled Worker / Labour
2026-07-21,W-027,Worker 27,Equipment Operation,Excavator Operation,Regular,P,8,0,0,0,No,Safety Helmet; Safety Shoes; High-Visibility Vest; Task-Specific Gloves,500000,Toolbox Talk / Site Safety Induction,Skilled Worker / Labour
2026-07-22,W-027,Worker 27,Equipment Operation,Excavator Operation,Regular,P,8,0,0,0,No,Safety Helmet; Safety Shoes; High-Visibility Vest; Task-Specific Gloves,500000,Toolbox Talk / Site Safety Induction,Skilled Worker / Labour
2026-07-23,W-027,Worker 27,Equipment Operation,Excavator Operation,Regular,P,8,0,0,0,No,Safety Helmet; Safety Shoes; High-Visibility Vest; Task-Specific Gloves,500000,Toolbox Talk / Site Safety Induction,Skilled Worker / Labour
2026-07-24,W-027,Worker 27,Equipment Operation,Excavator Operation,Regular,P,8,0,0,0,No,Safety Helmet; Safety Shoes; High-Visibility Vest; Task-Specific Gloves,500000,Toolbox Talk / Site Safety Induction,Skilled Worker / Labour
2026-07-25,W-027,Worker 27,Equipment Operation,Excavator Operation,Regular,P,8,0,0,0,No,Safety Helmet; Safety Shoes; High-Visibility Vest; Task-Specific Gloves,500000,Toolbox Talk / Site Safety Induction,Skilled Worker / Labour
2026-07-26,W-027,Worker 27,Equipment Operation,Excavator Operation,Regular,H,0,0,0,0,Yes,Safety Helmet; Safety Shoes; High-Visibility Vest; Task-Specific Gloves,500000,Toolbox Talk / Site Safety Induction,Skilled Worker / Labour
2026-07-27,W-027,Worker 27,Equipment Operation,Excavator Operation,Regular,P,8,0,0,0,No,Safety Helmet; Safety Shoes; High-Visibility Vest; Task-Specific Gloves,500000,Toolbox Talk / Site Safety Induction,Skilled Worker / Labour
2026-07-28,W-027,Worker 27,Equipment Operation,Excavator Operation,Regular,P,8,0,0,0,No,Safety Helmet; Safety Shoes; High-Visibility Vest; Task-Specific Gloves,500000,Toolbox Talk / Site Safety Induction,Skilled Worker / Labour
2026-07-29,W-027,Worker 27,Equipment Operation,Excavator Operation,Regular,P,8,0,0,0,No,Safety Helmet; Safety Shoes; High-Visibility Vest; Task-Specific Gloves,500000,Toolbox Talk / Site Safety Induction,Skilled Worker / Labour
2026-07-30,W-027,Worker 27,Equipment Operation,Excavator Operation,Regular,P,8,0,0,0,No,Safety Helmet; Safety Shoes; High-Visibility Vest; Task-Specific Gloves,500000,Toolbox Talk / Site Safety Induction,Skilled Worker / Labour
2026-07-01,W-028,Worker 28,Equipment Operation,Crane Operation,Regular,P,8,0,0,0,No,Safety Helmet; Safety Shoes; High-Visibility Vest; Task-Specific Gloves,500000,Toolbox Talk / Site Safety Induction,Skilled Worker / Labour
2026-07-02,W-028,Worker 28,Equipment Operation,Crane Operation,Regular,A,0,0,0,0,No,Safety Helmet; Safety Shoes; High-Visibility Vest; Task-Specific Gloves,500000,Toolbox Talk / Site Safety Induction,Skilled Worker / Labour
2026-07-03,W-028,Worker 28,Equipment Operation,Crane Operation,Regular,P,8,0,0,0,No,Safety Helmet; Safety Shoes; High-Visibility Vest; Task-Specific Gloves,500000,Toolbox Talk / Site Safety Induction,Skilled Worker / Labour
2026-07-04,W-028,Worker 28,Equipment Operation,Crane Operation,Regular,P,8,0,0,0,No,Safety Helmet; Safety Shoes; High-Visibility Vest; Task-Specific Gloves,500000,Toolbox Talk / Site Safety Induction,Skilled Worker / Labour
2026-07-05,W-028,Worker 28,Equipment Operation,Crane Operation,Regular,H,0,0,0,0,Yes,Safety Helmet; Safety Shoes; High-Visibility Vest; Task-Specific Gloves,500000,Toolbox Talk / Site Safety Induction,Skilled Worker / Labour
2026-07-06,W-028,Worker 28,Equipment Operation,Crane Operation,Regular,P,8,0,0,0,No,Safety Helmet; Safety Shoes; High-Visibility Vest; Task-Specific Gloves,500000,Toolbox Talk / Site Safety Induction,Skilled Worker / Labour
2026-07-07,W-028,Worker 28,Equipment Operation,Crane Operation,Regular,P,8,0,0,0,No,Safety Helmet; Safety Shoes; High-Visibility Vest; Task-Specific Gloves,500000,Toolbox Talk / Site Safety Induction,Skilled Worker / Labour
2026-07-08,W-028,Worker 28,Equipment Operation,Crane Operation,Regular,P,8,0,0,0,No,Safety Helmet; Safety Shoes; High-Visibility Vest; Task-Specific Gloves,500000,Toolbox Talk / Site Safety Induction,Skilled Worker / Labour
2026-07-09,W-028,Worker 28,Equipment Operation,Crane Operation,Regular,P,8,0,0,0,No,Safety Helmet; Safety Shoes; High-Visibility Vest; Task-Specific Gloves,500000,Toolbox Talk / Site Safety Induction,Skilled Worker / Labour
2026-07-10,W-028,Worker 28,Equipment Operation,Crane Operation,Regular,P,8,0,0,0,No,Safety Helmet; Safety Shoes; High-Visibility Vest; Task-Specific Gloves,500000,Toolbox Talk / Site Safety Induction,Skilled Worker / Labour
2026-07-11,W-028,Worker 28,Equipment Operation,Crane Operation,Regular,P,8,0,0,0,No,Safety Helmet; Safety Shoes; High-Visibility Vest; Task-Specific Gloves,500000,Toolbox Talk / Site Safety Induction,Skilled Worker / Labour
2026-07-12,W-028,Worker 28,Equipment Operation,Crane Operation,Regular,H,0,0,0,0,Yes,Safety Helmet; Safety Shoes; High-Visibility Vest; Task-Specific Gloves,500000,Toolbox Talk / Site Safety Induction,Skilled Worker / Labour
2026-07-13,W-028,Worker 28,Equipment Operation,Crane Operation,Regular,P,8,0,0,0,No,Safety Helmet; Safety Shoes; High-Visibility Vest; Task-Specific Gloves,500000,Toolbox Talk / Site Safety Induction,Skilled Worker / Labour
2026-07-14,W-028,Worker 28,Equipment Operation,Crane Operation,Regular,P,8,0,0,0,No,Safety Helmet; Safety Shoes; High-Visibility Vest; Task-Specific Gloves,500000,Toolbox Talk / Site Safety Induction,Skilled Worker / Labour
2026-07-15,W-028,Worker 28,Equipment Operation,Crane Operation,Regular,P,8,0,0,0,No,Safety Helmet; Safety Shoes; High-Visibility Vest; Task-Specific Gloves,500000,Toolbox Talk / Site Safety Induction,Skilled Worker / Labour
2026-07-16,W-028,Worker 28,Equipment Operation,Crane Operation,Regular,P,8,0,0,0,No,Safety Helmet; Safety Shoes; High-Visibility Vest; Task-Specific Gloves,500000,Toolbox Talk / Site Safety Induction,Skilled Worker / Labour
2026-07-17,W-028,Worker 28,Equipment Operation,Crane Operation,Regular,P,8,0,0,0,No,Safety Helmet; Safety Shoes; High-Visibility Vest; Task-Specific Gloves,500000,Toolbox Talk / Site Safety Induction,Skilled Worker / Labour
2026-07-18,W-028,Worker 28,Equipment Operation,Crane Operation,Regular,P,8,0,0,0,No,Safety Helmet; Safety Shoes; High-Visibility Vest; Task-Specific Gloves,500000,Toolbox Talk / Site Safety Induction,Skilled Worker / Labour
2026-07-19,W-028,Worker 28,Equipment Operation,Crane Operation,Regular,H,0,0,0,0,Yes,Safety Helmet; Safety Shoes; High-Visibility Vest; Task-Specific Gloves,500000,Toolbox Talk / Site Safety Induction,Skilled Worker / Labour
2026-07-20,W-028,Worker 28,Equipment Operation,Crane Operation,Regular,P,8,0,0,0,No,Safety Helmet; Safety Shoes; High-Visibility Vest; Task-Specific Gloves,500000,Toolbox Talk / Site Safety Induction,Skilled Worker / Labour
2026-07-21,W-028,Worker 28,Equipment Operation,Crane Operation,Regular,P,8,0,0,0,No,Safety Helmet; Safety Shoes; High-Visibility Vest; Task-Specific Gloves,500000,Toolbox Talk / Site Safety Induction,Skilled Worker / Labour
2026-07-22,W-028,Worker 28,Equipment Operation,Crane Operation,Regular,P,8,0,0,0,No,Safety Helmet; Safety Shoes; High-Visibility Vest; Task-Specific Gloves,500000,Toolbox Talk / Site Safety Induction,Skilled Worker / Labour
2026-07-23,W-028,Worker 28,Equipment Operation,Crane Operation,Regular,P,8,0,0,0,No,Safety Helmet; Safety Shoes; High-Visibility Vest; Task-Specific Gloves,500000,Toolbox Talk / Site Safety Induction,Skilled Worker / Labour
2026-07-24,W-028,Worker 28,Equipment Operation,Crane Operation,Regular,P,8,0,0,0,No,Safety Helmet; Safety Shoes; High-Visibility Vest; Task-Specific Gloves,500000,Toolbox Talk / Site Safety Induction,Skilled Worker / Labour
2026-07-25,W-028,Worker 28,Equipment Operation,Crane Operation,Regular,P,8,0,0,0,No,Safety Helmet; Safety Shoes; High-Visibility Vest; Task-Specific Gloves,500000,Toolbox Talk / Site Safety Induction,Skilled Worker / Labour
2026-07-26,W-028,Worker 28,Equipment Operation,Crane Operation,Regular,H,0,0,0,0,Yes,Safety Helmet; Safety Shoes; High-Visibility Vest; Task-Specific Gloves,500000,Toolbox Talk / Site Safety Induction,Skilled Worker / Labour
2026-07-27,W-028,Worker 28,Equipment Operation,Crane Operation,Regular,P,8,0,0,0,No,Safety Helmet; Safety Shoes; High-Visibility Vest; Task-Specific Gloves,500000,Toolbox Talk / Site Safety Induction,Skilled Worker / Labour
2026-07-28,W-028,Worker 28,Equipment Operation,Crane Operation,Regular,P,8,0,0,0,No,Safety Helmet; Safety Shoes; High-Visibility Vest; Task-Specific Gloves,500000,Toolbox Talk / Site Safety Induction,Skilled Worker / Labour
2026-07-29,W-028,Worker 28,Equipment Operation,Crane Operation,Regular,P,8,0,0,0,No,Safety Helmet; Safety Shoes; High-Visibility Vest; Task-Specific Gloves,500000,Toolbox Talk / Site Safety Induction,Skilled Worker / Labour
2026-07-30,W-028,Worker 28,Equipment Operation,Crane Operation,Regular,P,8,0,0,0,No,Safety Helmet; Safety Shoes; High-Visibility Vest; Task-Specific Gloves,500000,Toolbox Talk / Site Safety Induction,Skilled Worker / Labour
2026-07-01,W-029,Worker 29,Equipment Operation,Concrete Pump Operation,Regular,A,0,0,0,0,No,Safety Helmet; Safety Shoes; High-Visibility Vest; Task-Specific Gloves,500000,Toolbox Talk / Site Safety Induction,Skilled Worker / Labour
2026-07-02,W-029,Worker 29,Equipment Operation,Concrete Pump Operation,Regular,P,8,0,0,0,No,Safety Helmet; Safety Shoes; High-Visibility Vest; Task-Specific Gloves,500000,Toolbox Talk / Site Safety Induction,Skilled Worker / Labour
2026-07-03,W-029,Worker 29,Equipment Operation,Concrete Pump Operation,Regular,P,8,0,0,0,No,Safety Helmet; Safety Shoes; High-Visibility Vest; Task-Specific Gloves,500000,Toolbox Talk / Site Safety Induction,Skilled Worker / Labour
2026-07-04,W-029,Worker 29,Equipment Operation,Concrete Pump Operation,Regular,P,8,0,0,0,No,Safety Helmet; Safety Shoes; High-Visibility Vest; Task-Specific Gloves,500000,Toolbox Talk / Site Safety Induction,Skilled Worker / Labour
2026-07-05,W-029,Worker 29,Equipment Operation,Concrete Pump Operation,Regular,H,0,0,0,0,Yes,Safety Helmet; Safety Shoes; High-Visibility Vest; Task-Specific Gloves,500000,Toolbox Talk / Site Safety Induction,Skilled Worker / Labour
2026-07-06,W-029,Worker 29,Equipment Operation,Concrete Pump Operation,Regular,P,8,0,0,0,No,Safety Helmet; Safety Shoes; High-Visibility Vest; Task-Specific Gloves,500000,Toolbox Talk / Site Safety Induction,Skilled Worker / Labour
2026-07-07,W-029,Worker 29,Equipment Operation,Concrete Pump Operation,Regular,P,8,0,0,0,No,Safety Helmet; Safety Shoes; High-Visibility Vest; Task-Specific Gloves,500000,Toolbox Talk / Site Safety Induction,Skilled Worker / Labour
2026-07-08,W-029,Worker 29,Equipment Operation,Concrete Pump Operation,Regular,P,8,0,0,0,No,Safety Helmet; Safety Shoes; High-Visibility Vest; Task-Specific Gloves,500000,Toolbox Talk / Site Safety Induction,Skilled Worker / Labour
2026-07-09,W-029,Worker 29,Equipment Operation,Concrete Pump Operation,Regular,P,8,0,0,0,No,Safety Helmet; Safety Shoes; High-Visibility Vest; Task-Specific Gloves,500000,Toolbox Talk / Site Safety Induction,Skilled Worker / Labour
2026-07-10,W-029,Worker 29,Equipment Operation,Concrete Pump Operation,Regular,P,8,0,0,0,No,Safety Helmet; Safety Shoes; High-Visibility Vest; Task-Specific Gloves,500000,Toolbox Talk / Site Safety Induction,Skilled Worker / Labour
2026-07-11,W-029,Worker 29,Equipment Operation,Concrete Pump Operation,Regular,P,8,0,0,0,No,Safety Helmet; Safety Shoes; High-Visibility Vest; Task-Specific Gloves,500000,Toolbox Talk / Site Safety Induction,Skilled Worker / Labour
2026-07-12,W-029,Worker 29,Equipment Operation,Concrete Pump Operation,Regular,H,0,0,0,0,Yes,Safety Helmet; Safety Shoes; High-Visibility Vest; Task-Specific Gloves,500000,Toolbox Talk / Site Safety Induction,Skilled Worker / Labour
2026-07-13,W-029,Worker 29,Equipment Operation,Concrete Pump Operation,Regular,P,8,0,0,0,No,Safety Helmet; Safety Shoes; High-Visibility Vest; Task-Specific Gloves,500000,Toolbox Talk / Site Safety Induction,Skilled Worker / Labour
2026-07-14,W-029,Worker 29,Equipment Operation,Concrete Pump Operation,Regular,P,8,0,0,0,No,Safety Helmet; Safety Shoes; High-Visibility Vest; Task-Specific Gloves,500000,Toolbox Talk / Site Safety Induction,Skilled Worker / Labour
2026-07-15,W-029,Worker 29,Equipment Operation,Concrete Pump Operation,Regular,P,8,0,0,0,No,Safety Helmet; Safety Shoes; High-Visibility Vest; Task-Specific Gloves,500000,Toolbox Talk / Site Safety Induction,Skilled Worker / Labour
2026-07-16,W-029,Worker 29,Equipment Operation,Concrete Pump Operation,Regular,P,8,0,0,0,No,Safety Helmet; Safety Shoes; High-Visibility Vest; Task-Specific Gloves,500000,Toolbox Talk / Site Safety Induction,Skilled Worker / Labour
2026-07-17,W-029,Worker 29,Equipment Operation,Concrete Pump Operation,Regular,P,8,0,0,0,No,Safety Helmet; Safety Shoes; High-Visibility Vest; Task-Specific Gloves,500000,Toolbox Talk / Site Safety Induction,Skilled Worker / Labour
2026-07-18,W-029,Worker 29,Equipment Operation,Concrete Pump Operation,Regular,P,8,0,0,0,No,Safety Helmet; Safety Shoes; High-Visibility Vest; Task-Specific Gloves,500000,Toolbox Talk / Site Safety Induction,Skilled Worker / Labour
2026-07-19,W-029,Worker 29,Equipment Operation,Concrete Pump Operation,Regular,H,0,0,0,0,Yes,Safety Helmet; Safety Shoes; High-Visibility Vest; Task-Specific Gloves,500000,Toolbox Talk / Site Safety Induction,Skilled Worker / Labour
2026-07-20,W-029,Worker 29,Equipment Operation,Concrete Pump Operation,Regular,P,8,0,0,0,No,Safety Helmet; Safety Shoes; High-Visibility Vest; Task-Specific Gloves,500000,Toolbox Talk / Site Safety Induction,Skilled Worker / Labour
2026-07-21,W-029,Worker 29,Equipment Operation,Concrete Pump Operation,Regular,P,8,0,0,0,No,Safety Helmet; Safety Shoes; High-Visibility Vest; Task-Specific Gloves,500000,Toolbox Talk / Site Safety Induction,Skilled Worker / Labour
2026-07-22,W-029,Worker 29,Equipment Operation,Concrete Pump Operation,Regular,P,8,0,0,0,No,Safety Helmet; Safety Shoes; High-Visibility Vest; Task-Specific Gloves,500000,Toolbox Talk / Site Safety Induction,Skilled Worker / Labour
2026-07-23,W-029,Worker 29,Equipment Operation,Concrete Pump Operation,Regular,P,8,0,0,0,No,Safety Helmet; Safety Shoes; High-Visibility Vest; Task-Specific Gloves,500000,Toolbox Talk / Site Safety Induction,Skilled Worker / Labour
2026-07-24,W-029,Worker 29,Equipment Operation,Concrete Pump Operation,Regular,P,8,0,0,0,No,Safety Helmet; Safety Shoes; High-Visibility Vest; Task-Specific Gloves,500000,Toolbox Talk / Site Safety Induction,Skilled Worker / Labour
2026-07-25,W-029,Worker 29,Equipment Operation,Concrete Pump Operation,Regular,P,8,0,0,0,No,Safety Helmet; Safety Shoes; High-Visibility Vest; Task-Specific Gloves,500000,Toolbox Talk / Site Safety Induction,Skilled Worker / Labour
2026-07-26,W-029,Worker 29,Equipment Operation,Concrete Pump Operation,Regular,H,0,0,0,0,Yes,Safety Helmet; Safety Shoes; High-Visibility Vest; Task-Specific Gloves,500000,Toolbox Talk / Site Safety Induction,Skilled Worker / Labour
2026-07-27,W-029,Worker 29,Equipment Operation,Concrete Pump Operation,Regular,P,8,0,0,0,No,Safety Helmet; Safety Shoes; High-Visibility Vest; Task-Specific Gloves,500000,Toolbox Talk / Site Safety Induction,Skilled Worker / Labour
2026-07-28,W-029,Worker 29,Equipment Operation,Concrete Pump Operation,Regular,P,8,0,0,0,No,Safety Helmet; Safety Shoes; High-Visibility Vest; Task-Specific Gloves,500000,Toolbox Talk / Site Safety Induction,Skilled Worker / Labour
2026-07-29,W-029,Worker 29,Equipment Operation,Concrete Pump Operation,Regular,P,8,0,0,0,No,Safety Helmet; Safety Shoes; High-Visibility Vest; Task-Specific Gloves,500000,Toolbox Talk / Site Safety Induction,Skilled Worker / Labour
2026-07-30,W-029,Worker 29,Equipment Operation,Concrete Pump Operation,Regular,A,0,0,0,0,No,Safety Helmet; Safety Shoes; High-Visibility Vest; Task-Specific Gloves,500000,Toolbox Talk / Site Safety Induction,Skilled Worker / Labour
2026-07-01,W-030,Worker 30,Survey Assistance,Levelling,Regular,P,8,0,0,0,No,Safety Helmet; Safety Shoes; High-Visibility Vest; Task-Specific Gloves,500000,Toolbox Talk / Site Safety Induction,Skilled Worker / Labour
2026-07-02,W-030,Worker 30,Survey Assistance,Levelling,Regular,P,8,0,0,0,No,Safety Helmet; Safety Shoes; High-Visibility Vest; Task-Specific Gloves,500000,Toolbox Talk / Site Safety Induction,Skilled Worker / Labour
2026-07-03,W-030,Worker 30,Survey Assistance,Levelling,Regular,P,8,0,0,0,No,Safety Helmet; Safety Shoes; High-Visibility Vest; Task-Specific Gloves,500000,Toolbox Talk / Site Safety Induction,Skilled Worker / Labour
2026-07-04,W-030,Worker 30,Survey Assistance,Levelling,Regular,P,8,0,0,0,No,Safety Helmet; Safety Shoes; High-Visibility Vest; Task-Specific Gloves,500000,Toolbox Talk / Site Safety Induction,Skilled Worker / Labour
2026-07-05,W-030,Worker 30,Survey Assistance,Levelling,Regular,H,0,0,0,0,Yes,Safety Helmet; Safety Shoes; High-Visibility Vest; Task-Specific Gloves,500000,Toolbox Talk / Site Safety Induction,Skilled Worker / Labour
2026-07-06,W-030,Worker 30,Survey Assistance,Levelling,Regular,P,8,0,0,0,No,Safety Helmet; Safety Shoes; High-Visibility Vest; Task-Specific Gloves,500000,Toolbox Talk / Site Safety Induction,Skilled Worker / Labour
2026-07-07,W-030,Worker 30,Survey Assistance,Levelling,Regular,P,8,0,0,0,No,Safety Helmet; Safety Shoes; High-Visibility Vest; Task-Specific Gloves,500000,Toolbox Talk / Site Safety Induction,Skilled Worker / Labour
2026-07-08,W-030,Worker 30,Survey Assistance,Levelling,Regular,P,8,0,0,0,No,Safety Helmet; Safety Shoes; High-Visibility Vest; Task-Specific Gloves,500000,Toolbox Talk / Site Safety Induction,Skilled Worker / Labour
2026-07-09,W-030,Worker 30,Survey Assistance,Levelling,Regular,P,8,0,0,0,No,Safety Helmet; Safety Shoes; High-Visibility Vest; Task-Specific Gloves,500000,Toolbox Talk / Site Safety Induction,Skilled Worker / Labour
2026-07-10,W-030,Worker 30,Survey Assistance,Levelling,Regular,P,8,0,0,0,No,Safety Helmet; Safety Shoes; High-Visibility Vest; Task-Specific Gloves,500000,Toolbox Talk / Site Safety Induction,Skilled Worker / Labour
2026-07-11,W-030,Worker 30,Survey Assistance,Levelling,Regular,P,8,0,0,0,No,Safety Helmet; Safety Shoes; High-Visibility Vest; Task-Specific Gloves,500000,Toolbox Talk / Site Safety Induction,Skilled Worker / Labour
2026-07-12,W-030,Worker 30,Survey Assistance,Levelling,Regular,H,0,0,0,0,Yes,Safety Helmet; Safety Shoes; High-Visibility Vest; Task-Specific Gloves,500000,Toolbox Talk / Site Safety Induction,Skilled Worker / Labour
2026-07-13,W-030,Worker 30,Survey Assistance,Levelling,Regular,P,8,0,0,0,No,Safety Helmet; Safety Shoes; High-Visibility Vest; Task-Specific Gloves,500000,Toolbox Talk / Site Safety Induction,Skilled Worker / Labour
2026-07-14,W-030,Worker 30,Survey Assistance,Levelling,Regular,P,8,0,0,0,No,Safety Helmet; Safety Shoes; High-Visibility Vest; Task-Specific Gloves,500000,Toolbox Talk / Site Safety Induction,Skilled Worker / Labour
2026-07-15,W-030,Worker 30,Survey Assistance,Levelling,Regular,P,8,0,0,0,No,Safety Helmet; Safety Shoes; High-Visibility Vest; Task-Specific Gloves,500000,Toolbox Talk / Site Safety Induction,Skilled Worker / Labour
2026-07-16,W-030,Worker 30,Survey Assistance,Levelling,Regular,P,8,0,0,0,No,Safety Helmet; Safety Shoes; High-Visibility Vest; Task-Specific Gloves,500000,Toolbox Talk / Site Safety Induction,Skilled Worker / Labour
2026-07-17,W-030,Worker 30,Survey Assistance,Levelling,Regular,P,8,0,0,0,No,Safety Helmet; Safety Shoes; High-Visibility Vest; Task-Specific Gloves,500000,Toolbox Talk / Site Safety Induction,Skilled Worker / Labour
2026-07-18,W-030,Worker 30,Survey Assistance,Levelling,Regular,P,8,0,0,0,No,Safety Helmet; Safety Shoes; High-Visibility Vest; Task-Specific Gloves,500000,Toolbox Talk / Site Safety Induction,Skilled Worker / Labour
2026-07-19,W-030,Worker 30,Survey Assistance,Levelling,Regular,H,0,0,0,0,Yes,Safety Helmet; Safety Shoes; High-Visibility Vest; Task-Specific Gloves,500000,Toolbox Talk / Site Safety Induction,Skilled Worker / Labour
2026-07-20,W-030,Worker 30,Survey Assistance,Levelling,Regular,P,8,0,0,0,No,Safety Helmet; Safety Shoes; High-Visibility Vest; Task-Specific Gloves,500000,Toolbox Talk / Site Safety Induction,Skilled Worker / Labour
2026-07-21,W-030,Worker 30,Survey Assistance,Levelling,Regular,P,8,0,0,0,No,Safety Helmet; Safety Shoes; High-Visibility Vest; Task-Specific Gloves,500000,Toolbox Talk / Site Safety Induction,Skilled Worker / Labour
2026-07-22,W-030,Worker 30,Survey Assistance,Levelling,Regular,P,8,0,0,0,No,Safety Helmet; Safety Shoes; High-Visibility Vest; Task-Specific Gloves,500000,Toolbox Talk / Site Safety Induction,Skilled Worker / Labour
2026-07-23,W-030,Worker 30,Survey Assistance,Levelling,Regular,P,8,0,0,0,No,Safety Helmet; Safety Shoes; High-Visibility Vest; Task-Specific Gloves,500000,Toolbox Talk / Site Safety Induction,Skilled Worker / Labour
2026-07-24,W-030,Worker 30,Survey Assistance,Levelling,Regular,P,8,0,0,0,No,Safety Helmet; Safety Shoes; High-Visibility Vest; Task-Specific Gloves,500000,Toolbox Talk / Site Safety Induction,Skilled Worker / Labour
2026-07-25,W-030,Worker 30,Survey Assistance,Levelling,Regular,P,8,0,0,0,No,Safety Helmet; Safety Shoes; High-Visibility Vest; Task-Specific Gloves,500000,Toolbox Talk / Site Safety Induction,Skilled Worker / Labour
2026-07-26,W-030,Worker 30,Survey Assistance,Levelling,Regular,H,0,0,0,0,Yes,Safety Helmet; Safety Shoes; High-Visibility Vest; Task-Specific Gloves,500000,Toolbox Talk / Site Safety Induction,Skilled Worker / Labour
2026-07-27,W-030,Worker 30,Survey Assistance,Levelling,Regular,P,8,0,0,0,No,Safety Helmet; Safety Shoes; High-Visibility Vest; Task-Specific Gloves,500000,Toolbox Talk / Site Safety Induction,Skilled Worker / Labour
2026-07-28,W-030,Worker 30,Survey Assistance,Levelling,Regular,P,8,0,0,0,No,Safety Helmet; Safety Shoes; High-Visibility Vest; Task-Specific Gloves,500000,Toolbox Talk / Site Safety Induction,Skilled Worker / Labour
2026-07-29,W-030,Worker 30,Survey Assistance,Levelling,Regular,A,0,0,0,0,No,Safety Helmet; Safety Shoes; High-Visibility Vest; Task-Specific Gloves,500000,Toolbox Talk / Site Safety Induction,Skilled Worker / Labour
2026-07-30,W-030,Worker 30,Survey Assistance,Levelling,Regular,P,8,0,0,0,No,Safety Helmet; Safety Shoes; High-Visibility Vest; Task-Specific Gloves,500000,Toolbox Talk / Site Safety Induction,Skilled Worker / Labour
2026-07-01,W-031,Worker 31,Masonry,Blockwork,Overtime,P/OT,8,3,150,450,No,Safety Helmet; Safety Shoes; High-Visibility Vest; Task-Specific Gloves,500000,Toolbox Talk / Site Safety Induction,Skilled Worker / Labour
2026-07-02,W-031,Worker 31,Masonry,Blockwork,Overtime,P/OT,8,3,150,450,No,Safety Helmet; Safety Shoes; High-Visibility Vest; Task-Specific Gloves,500000,Toolbox Talk / Site Safety Induction,Skilled Worker / Labour
2026-07-03,W-031,Worker 31,Masonry,Blockwork,Overtime,P/OT,8,3,150,450,No,Safety Helmet; Safety Shoes; High-Visibility Vest; Task-Specific Gloves,500000,Toolbox Talk / Site Safety Induction,Skilled Worker / Labour
2026-07-04,W-031,Worker 31,Masonry,Blockwork,Overtime,P/OT,8,3,150,450,No,Safety Helmet; Safety Shoes; High-Visibility Vest; Task-Specific Gloves,500000,Toolbox Talk / Site Safety Induction,Skilled Worker / Labour
2026-07-05,W-031,Worker 31,Masonry,Blockwork,Overtime,H,0,0,0,0,Yes,Safety Helmet; Safety Shoes; High-Visibility Vest; Task-Specific Gloves,500000,Toolbox Talk / Site Safety Induction,Skilled Worker / Labour
2026-07-06,W-031,Worker 31,Masonry,Blockwork,Overtime,P/OT,8,3,150,450,No,Safety Helmet; Safety Shoes; High-Visibility Vest; Task-Specific Gloves,500000,Toolbox Talk / Site Safety Induction,Skilled Worker / Labour
2026-07-07,W-031,Worker 31,Masonry,Blockwork,Overtime,P/OT,8,3,150,450,No,Safety Helmet; Safety Shoes; High-Visibility Vest; Task-Specific Gloves,500000,Toolbox Talk / Site Safety Induction,Skilled Worker / Labour
2026-07-08,W-031,Worker 31,Masonry,Blockwork,Overtime,P/OT,8,3,150,450,No,Safety Helmet; Safety Shoes; High-Visibility Vest; Task-Specific Gloves,500000,Toolbox Talk / Site Safety Induction,Skilled Worker / Labour
2026-07-09,W-031,Worker 31,Masonry,Blockwork,Overtime,P/OT,8,3,150,450,No,Safety Helmet; Safety Shoes; High-Visibility Vest; Task-Specific Gloves,500000,Toolbox Talk / Site Safety Induction,Skilled Worker / Labour
2026-07-10,W-031,Worker 31,Masonry,Blockwork,Overtime,P/OT,8,3,150,450,No,Safety Helmet; Safety Shoes; High-Visibility Vest; Task-Specific Gloves,500000,Toolbox Talk / Site Safety Induction,Skilled Worker / Labour
2026-07-11,W-031,Worker 31,Masonry,Blockwork,Overtime,P/OT,8,3,150,450,No,Safety Helmet; Safety Shoes; High-Visibility Vest; Task-Specific Gloves,500000,Toolbox Talk / Site Safety Induction,Skilled Worker / Labour
2026-07-12,W-031,Worker 31,Masonry,Blockwork,Overtime,H,0,0,0,0,Yes,Safety Helmet; Safety Shoes; High-Visibility Vest; Task-Specific Gloves,500000,Toolbox Talk / Site Safety Induction,Skilled Worker / Labour
2026-07-13,W-031,Worker 31,Masonry,Blockwork,Overtime,P/OT,8,3,150,450,No,Safety Helmet; Safety Shoes; High-Visibility Vest; Task-Specific Gloves,500000,Toolbox Talk / Site Safety Induction,Skilled Worker / Labour
2026-07-14,W-031,Worker 31,Masonry,Blockwork,Overtime,P/OT,8,3,150,450,No,Safety Helmet; Safety Shoes; High-Visibility Vest; Task-Specific Gloves,500000,Toolbox Talk / Site Safety Induction,Skilled Worker / Labour
2026-07-15,W-031,Worker 31,Masonry,Blockwork,Overtime,P/OT,8,3,150,450,No,Safety Helmet; Safety Shoes; High-Visibility Vest; Task-Specific Gloves,500000,Toolbox Talk / Site Safety Induction,Skilled Worker / Labour
2026-07-16,W-031,Worker 31,Masonry,Blockwork,Overtime,P/OT,8,3,150,450,No,Safety Helmet; Safety Shoes; High-Visibility Vest; Task-Specific Gloves,500000,Toolbox Talk / Site Safety Induction,Skilled Worker / Labour
2026-07-17,W-031,Worker 31,Masonry,Blockwork,Overtime,P/OT,8,3,150,450,No,Safety Helmet; Safety Shoes; High-Visibility Vest; Task-Specific Gloves,500000,Toolbox Talk / Site Safety Induction,Skilled Worker / Labour
2026-07-18,W-031,Worker 31,Masonry,Blockwork,Overtime,P/OT,8,3,150,450,No,Safety Helmet; Safety Shoes; High-Visibility Vest; Task-Specific Gloves,500000,Toolbox Talk / Site Safety Induction,Skilled Worker / Labour
2026-07-19,W-031,Worker 31,Masonry,Blockwork,Overtime,H,0,0,0,0,Yes,Safety Helmet; Safety Shoes; High-Visibility Vest; Task-Specific Gloves,500000,Toolbox Talk / Site Safety Induction,Skilled Worker / Labour
2026-07-20,W-031,Worker 31,Masonry,Blockwork,Overtime,P/OT,8,3,150,450,No,Safety Helmet; Safety Shoes; High-Visibility Vest; Task-Specific Gloves,500000,Toolbox Talk / Site Safety Induction,Skilled Worker / Labour
2026-07-21,W-031,Worker 31,Masonry,Blockwork,Overtime,P/OT,8,3,150,450,No,Safety Helmet; Safety Shoes; High-Visibility Vest; Task-Specific Gloves,500000,Toolbox Talk / Site Safety Induction,Skilled Worker / Labour
2026-07-22,W-031,Worker 31,Masonry,Blockwork,Overtime,P/OT,8,3,150,450,No,Safety Helmet; Safety Shoes; High-Visibility Vest; Task-Specific Gloves,500000,Toolbox Talk / Site Safety Induction,Skilled Worker / Labour
2026-07-23,W-031,Worker 31,Masonry,Blockwork,Overtime,P/OT,8,3,150,450,No,Safety Helmet; Safety Shoes; High-Visibility Vest; Task-Specific Gloves,500000,Toolbox Talk / Site Safety Induction,Skilled Worker / Labour
2026-07-24,W-031,Worker 31,Masonry,Blockwork,Overtime,P/OT,8,3,150,450,No,Safety Helmet; Safety Shoes; High-Visibility Vest; Task-Specific Gloves,500000,Toolbox Talk / Site Safety Induction,Skilled Worker / Labour
2026-07-25,W-031,Worker 31,Masonry,Blockwork,Overtime,P/OT,8,3,150,450,No,Safety Helmet; Safety Shoes; High-Visibility Vest; Task-Specific Gloves,500000,Toolbox Talk / Site Safety Induction,Skilled Worker / Labour
2026-07-26,W-031,Worker 31,Masonry,Blockwork,Overtime,H,0,0,0,0,Yes,Safety Helmet; Safety Shoes; High-Visibility Vest; Task-Specific Gloves,500000,Toolbox Talk / Site Safety Induction,Skilled Worker / Labour
2026-07-27,W-031,Worker 31,Masonry,Blockwork,Overtime,P/OT,8,3,150,450,No,Safety Helmet; Safety Shoes; High-Visibility Vest; Task-Specific Gloves,500000,Toolbox Talk / Site Safety Induction,Skilled Worker / Labour
2026-07-28,W-031,Worker 31,Masonry,Blockwork,Overtime,A,0,0,0,0,No,Safety Helmet; Safety Shoes; High-Visibility Vest; Task-Specific Gloves,500000,Toolbox Talk / Site Safety Induction,Skilled Worker / Labour
2026-07-29,W-031,Worker 31,Masonry,Blockwork,Overtime,P/OT,8,3,150,450,No,Safety Helmet; Safety Shoes; High-Visibility Vest; Task-Specific Gloves,500000,Toolbox Talk / Site Safety Induction,Skilled Worker / Labour
2026-07-30,W-031,Worker 31,Masonry,Blockwork,Overtime,P/OT,8,3,150,450,No,Safety Helmet; Safety Shoes; High-Visibility Vest; Task-Specific Gloves,500000,Toolbox Talk / Site Safety Induction,Skilled Worker / Labour
2026-07-01,W-032,Worker 32,Masonry,Plastering,Overtime,P/OT,8,3,150,450,No,Safety Helmet; Safety Shoes; High-Visibility Vest; Task-Specific Gloves,500000,Toolbox Talk / Site Safety Induction,Skilled Worker / Labour
2026-07-02,W-032,Worker 32,Masonry,Plastering,Overtime,P/OT,8,3,150,450,No,Safety Helmet; Safety Shoes; High-Visibility Vest; Task-Specific Gloves,500000,Toolbox Talk / Site Safety Induction,Skilled Worker / Labour
2026-07-03,W-032,Worker 32,Masonry,Plastering,Overtime,P/OT,8,3,150,450,No,Safety Helmet; Safety Shoes; High-Visibility Vest; Task-Specific Gloves,500000,Toolbox Talk / Site Safety Induction,Skilled Worker / Labour
2026-07-04,W-032,Worker 32,Masonry,Plastering,Overtime,P/OT,8,3,150,450,No,Safety Helmet; Safety Shoes; High-Visibility Vest; Task-Specific Gloves,500000,Toolbox Talk / Site Safety Induction,Skilled Worker / Labour
2026-07-05,W-032,Worker 32,Masonry,Plastering,Overtime,H,0,0,0,0,Yes,Safety Helmet; Safety Shoes; High-Visibility Vest; Task-Specific Gloves,500000,Toolbox Talk / Site Safety Induction,Skilled Worker / Labour
2026-07-06,W-032,Worker 32,Masonry,Plastering,Overtime,P/OT,8,3,150,450,No,Safety Helmet; Safety Shoes; High-Visibility Vest; Task-Specific Gloves,500000,Toolbox Talk / Site Safety Induction,Skilled Worker / Labour
2026-07-07,W-032,Worker 32,Masonry,Plastering,Overtime,P/OT,8,3,150,450,No,Safety Helmet; Safety Shoes; High-Visibility Vest; Task-Specific Gloves,500000,Toolbox Talk / Site Safety Induction,Skilled Worker / Labour
2026-07-08,W-032,Worker 32,Masonry,Plastering,Overtime,P/OT,8,3,150,450,No,Safety Helmet; Safety Shoes; High-Visibility Vest; Task-Specific Gloves,500000,Toolbox Talk / Site Safety Induction,Skilled Worker / Labour
2026-07-09,W-032,Worker 32,Masonry,Plastering,Overtime,P/OT,8,3,150,450,No,Safety Helmet; Safety Shoes; High-Visibility Vest; Task-Specific Gloves,500000,Toolbox Talk / Site Safety Induction,Skilled Worker / Labour
2026-07-10,W-032,Worker 32,Masonry,Plastering,Overtime,P/OT,8,3,150,450,No,Safety Helmet; Safety Shoes; High-Visibility Vest; Task-Specific Gloves,500000,Toolbox Talk / Site Safety Induction,Skilled Worker / Labour
2026-07-11,W-032,Worker 32,Masonry,Plastering,Overtime,P/OT,8,3,150,450,No,Safety Helmet; Safety Shoes; High-Visibility Vest; Task-Specific Gloves,500000,Toolbox Talk / Site Safety Induction,Skilled Worker / Labour
2026-07-12,W-032,Worker 32,Masonry,Plastering,Overtime,H,0,0,0,0,Yes,Safety Helmet; Safety Shoes; High-Visibility Vest; Task-Specific Gloves,500000,Toolbox Talk / Site Safety Induction,Skilled Worker / Labour
2026-07-13,W-032,Worker 32,Masonry,Plastering,Overtime,P/OT,8,3,150,450,No,Safety Helmet; Safety Shoes; High-Visibility Vest; Task-Specific Gloves,500000,Toolbox Talk / Site Safety Induction,Skilled Worker / Labour
2026-07-14,W-032,Worker 32,Masonry,Plastering,Overtime,P/OT,8,3,150,450,No,Safety Helmet; Safety Shoes; High-Visibility Vest; Task-Specific Gloves,500000,Toolbox Talk / Site Safety Induction,Skilled Worker / Labour
2026-07-15,W-032,Worker 32,Masonry,Plastering,Overtime,P/OT,8,3,150,450,No,Safety Helmet; Safety Shoes; High-Visibility Vest; Task-Specific Gloves,500000,Toolbox Talk / Site Safety Induction,Skilled Worker / Labour
2026-07-16,W-032,Worker 32,Masonry,Plastering,Overtime,P/OT,8,3,150,450,No,Safety Helmet; Safety Shoes; High-Visibility Vest; Task-Specific Gloves,500000,Toolbox Talk / Site Safety Induction,Skilled Worker / Labour
2026-07-17,W-032,Worker 32,Masonry,Plastering,Overtime,P/OT,8,3,150,450,No,Safety Helmet; Safety Shoes; High-Visibility Vest; Task-Specific Gloves,500000,Toolbox Talk / Site Safety Induction,Skilled Worker / Labour
2026-07-18,W-032,Worker 32,Masonry,Plastering,Overtime,P/OT,8,3,150,450,No,Safety Helmet; Safety Shoes; High-Visibility Vest; Task-Specific Gloves,500000,Toolbox Talk / Site Safety Induction,Skilled Worker / Labour
2026-07-19,W-032,Worker 32,Masonry,Plastering,Overtime,H,0,0,0,0,Yes,Safety Helmet; Safety Shoes; High-Visibility Vest; Task-Specific Gloves,500000,Toolbox Talk / Site Safety Induction,Skilled Worker / Labour
2026-07-20,W-032,Worker 32,Masonry,Plastering,Overtime,P/OT,8,3,150,450,No,Safety Helmet; Safety Shoes; High-Visibility Vest; Task-Specific Gloves,500000,Toolbox Talk / Site Safety Induction,Skilled Worker / Labour
2026-07-21,W-032,Worker 32,Masonry,Plastering,Overtime,P/OT,8,3,150,450,No,Safety Helmet; Safety Shoes; High-Visibility Vest; Task-Specific Gloves,500000,Toolbox Talk / Site Safety Induction,Skilled Worker / Labour
2026-07-22,W-032,Worker 32,Masonry,Plastering,Overtime,P/OT,8,3,150,450,No,Safety Helmet; Safety Shoes; High-Visibility Vest; Task-Specific Gloves,500000,Toolbox Talk / Site Safety Induction,Skilled Worker / Labour
2026-07-23,W-032,Worker 32,Masonry,Plastering,Overtime,P/OT,8,3,150,450,No,Safety Helmet; Safety Shoes; High-Visibility Vest; Task-Specific Gloves,500000,Toolbox Talk / Site Safety Induction,Skilled Worker / Labour
2026-07-24,W-032,Worker 32,Masonry,Plastering,Overtime,P/OT,8,3,150,450,No,Safety Helmet; Safety Shoes; High-Visibility Vest; Task-Specific Gloves,500000,Toolbox Talk / Site Safety Induction,Skilled Worker / Labour
2026-07-25,W-032,Worker 32,Masonry,Plastering,Overtime,P/OT,8,3,150,450,No,Safety Helmet; Safety Shoes; High-Visibility Vest; Task-Specific Gloves,500000,Toolbox Talk / Site Safety Induction,Skilled Worker / Labour
2026-07-26,W-032,Worker 32,Masonry,Plastering,Overtime,H,0,0,0,0,Yes,Safety Helmet; Safety Shoes; High-Visibility Vest; Task-Specific Gloves,500000,Toolbox Talk / Site Safety Induction,Skilled Worker / Labour
2026-07-27,W-032,Worker 32,Masonry,Plastering,Overtime,A,0,0,0,0,No,Safety Helmet; Safety Shoes; High-Visibility Vest; Task-Specific Gloves,500000,Toolbox Talk / Site Safety Induction,Skilled Worker / Labour
2026-07-28,W-032,Worker 32,Masonry,Plastering,Overtime,P/OT,8,3,150,450,No,Safety Helmet; Safety Shoes; High-Visibility Vest; Task-Specific Gloves,500000,Toolbox Talk / Site Safety Induction,Skilled Worker / Labour
2026-07-29,W-032,Worker 32,Masonry,Plastering,Overtime,P/OT,8,3,150,450,No,Safety Helmet; Safety Shoes; High-Visibility Vest; Task-Specific Gloves,500000,Toolbox Talk / Site Safety Induction,Skilled Worker / Labour
2026-07-30,W-032,Worker 32,Masonry,Plastering,Overtime,P/OT,8,3,150,450,No,Safety Helmet; Safety Shoes; High-Visibility Vest; Task-Specific Gloves,500000,Toolbox Talk / Site Safety Induction,Skilled Worker / Labour
2026-07-01,W-033,Worker 33,Carpentry,Formwork,Overtime,P/OT,8,3,150,450,No,Safety Helmet; Safety Shoes; High-Visibility Vest; Task-Specific Gloves,500000,Toolbox Talk / Site Safety Induction,Skilled Worker / Labour
2026-07-02,W-033,Worker 33,Carpentry,Formwork,Overtime,P/OT,8,3,150,450,No,Safety Helmet; Safety Shoes; High-Visibility Vest; Task-Specific Gloves,500000,Toolbox Talk / Site Safety Induction,Skilled Worker / Labour
2026-07-03,W-033,Worker 33,Carpentry,Formwork,Overtime,P/OT,8,3,150,450,No,Safety Helmet; Safety Shoes; High-Visibility Vest; Task-Specific Gloves,500000,Toolbox Talk / Site Safety Induction,Skilled Worker / Labour
2026-07-04,W-033,Worker 33,Carpentry,Formwork,Overtime,P/OT,8,3,150,450,No,Safety Helmet; Safety Shoes; High-Visibility Vest; Task-Specific Gloves,500000,Toolbox Talk / Site Safety Induction,Skilled Worker / Labour
2026-07-05,W-033,Worker 33,Carpentry,Formwork,Overtime,H,0,0,0,0,Yes,Safety Helmet; Safety Shoes; High-Visibility Vest; Task-Specific Gloves,500000,Toolbox Talk / Site Safety Induction,Skilled Worker / Labour
2026-07-06,W-033,Worker 33,Carpentry,Formwork,Overtime,P/OT,8,3,150,450,No,Safety Helmet; Safety Shoes; High-Visibility Vest; Task-Specific Gloves,500000,Toolbox Talk / Site Safety Induction,Skilled Worker / Labour
2026-07-07,W-033,Worker 33,Carpentry,Formwork,Overtime,P/OT,8,3,150,450,No,Safety Helmet; Safety Shoes; High-Visibility Vest; Task-Specific Gloves,500000,Toolbox Talk / Site Safety Induction,Skilled Worker / Labour
2026-07-08,W-033,Worker 33,Carpentry,Formwork,Overtime,P/OT,8,3,150,450,No,Safety Helmet; Safety Shoes; High-Visibility Vest; Task-Specific Gloves,500000,Toolbox Talk / Site Safety Induction,Skilled Worker / Labour
2026-07-09,W-033,Worker 33,Carpentry,Formwork,Overtime,P/OT,8,3,150,450,No,Safety Helmet; Safety Shoes; High-Visibility Vest; Task-Specific Gloves,500000,Toolbox Talk / Site Safety Induction,Skilled Worker / Labour
2026-07-10,W-033,Worker 33,Carpentry,Formwork,Overtime,P/OT,8,3,150,450,No,Safety Helmet; Safety Shoes; High-Visibility Vest; Task-Specific Gloves,500000,Toolbox Talk / Site Safety Induction,Skilled Worker / Labour
2026-07-11,W-033,Worker 33,Carpentry,Formwork,Overtime,P/OT,8,3,150,450,No,Safety Helmet; Safety Shoes; High-Visibility Vest; Task-Specific Gloves,500000,Toolbox Talk / Site Safety Induction,Skilled Worker / Labour
2026-07-12,W-033,Worker 33,Carpentry,Formwork,Overtime,H,0,0,0,0,Yes,Safety Helmet; Safety Shoes; High-Visibility Vest; Task-Specific Gloves,500000,Toolbox Talk / Site Safety Induction,Skilled Worker / Labour
2026-07-13,W-033,Worker 33,Carpentry,Formwork,Overtime,P/OT,8,3,150,450,No,Safety Helmet; Safety Shoes; High-Visibility Vest; Task-Specific Gloves,500000,Toolbox Talk / Site Safety Induction,Skilled Worker / Labour
2026-07-14,W-033,Worker 33,Carpentry,Formwork,Overtime,P/OT,8,3,150,450,No,Safety Helmet; Safety Shoes; High-Visibility Vest; Task-Specific Gloves,500000,Toolbox Talk / Site Safety Induction,Skilled Worker / Labour
2026-07-15,W-033,Worker 33,Carpentry,Formwork,Overtime,P/OT,8,3,150,450,No,Safety Helmet; Safety Shoes; High-Visibility Vest; Task-Specific Gloves,500000,Toolbox Talk / Site Safety Induction,Skilled Worker / Labour
2026-07-16,W-033,Worker 33,Carpentry,Formwork,Overtime,P/OT,8,3,150,450,No,Safety Helmet; Safety Shoes; High-Visibility Vest; Task-Specific Gloves,500000,Toolbox Talk / Site Safety Induction,Skilled Worker / Labour
2026-07-17,W-033,Worker 33,Carpentry,Formwork,Overtime,P/OT,8,3,150,450,No,Safety Helmet; Safety Shoes; High-Visibility Vest; Task-Specific Gloves,500000,Toolbox Talk / Site Safety Induction,Skilled Worker / Labour
2026-07-18,W-033,Worker 33,Carpentry,Formwork,Overtime,P/OT,8,3,150,450,No,Safety Helmet; Safety Shoes; High-Visibility Vest; Task-Specific Gloves,500000,Toolbox Talk / Site Safety Induction,Skilled Worker / Labour
2026-07-19,W-033,Worker 33,Carpentry,Formwork,Overtime,H,0,0,0,0,Yes,Safety Helmet; Safety Shoes; High-Visibility Vest; Task-Specific Gloves,500000,Toolbox Talk / Site Safety Induction,Skilled Worker / Labour
2026-07-20,W-033,Worker 33,Carpentry,Formwork,Overtime,P/OT,8,3,150,450,No,Safety Helmet; Safety Shoes; High-Visibility Vest; Task-Specific Gloves,500000,Toolbox Talk / Site Safety Induction,Skilled Worker / Labour
2026-07-21,W-033,Worker 33,Carpentry,Formwork,Overtime,P/OT,8,3,150,450,No,Safety Helmet; Safety Shoes; High-Visibility Vest; Task-Specific Gloves,500000,Toolbox Talk / Site Safety Induction,Skilled Worker / Labour
2026-07-22,W-033,Worker 33,Carpentry,Formwork,Overtime,P/OT,8,3,150,450,No,Safety Helmet; Safety Shoes; High-Visibility Vest; Task-Specific Gloves,500000,Toolbox Talk / Site Safety Induction,Skilled Worker / Labour
2026-07-23,W-033,Worker 33,Carpentry,Formwork,Overtime,P/OT,8,3,150,450,No,Safety Helmet; Safety Shoes; High-Visibility Vest; Task-Specific Gloves,500000,Toolbox Talk / Site Safety Induction,Skilled Worker / Labour
2026-07-24,W-033,Worker 33,Carpentry,Formwork,Overtime,P/OT,8,3,150,450,No,Safety Helmet; Safety Shoes; High-Visibility Vest; Task-Specific Gloves,500000,Toolbox Talk / Site Safety Induction,Skilled Worker / Labour
2026-07-25,W-033,Worker 33,Carpentry,Formwork,Overtime,P/OT,8,3,150,450,No,Safety Helmet; Safety Shoes; High-Visibility Vest; Task-Specific Gloves,500000,Toolbox Talk / Site Safety Induction,Skilled Worker / Labour
2026-07-26,W-033,Worker 33,Carpentry,Formwork,Overtime,H,0,0,0,0,Yes,Safety Helmet; Safety Shoes; High-Visibility Vest; Task-Specific Gloves,500000,Toolbox Talk / Site Safety Induction,Skilled Worker / Labour
2026-07-27,W-033,Worker 33,Carpentry,Formwork,Overtime,P/OT,8,3,150,450,No,Safety Helmet; Safety Shoes; High-Visibility Vest; Task-Specific Gloves,500000,Toolbox Talk / Site Safety Induction,Skilled Worker / Labour
2026-07-28,W-033,Worker 33,Carpentry,Formwork,Overtime,P/OT,8,3,150,450,No,Safety Helmet; Safety Shoes; High-Visibility Vest; Task-Specific Gloves,500000,Toolbox Talk / Site Safety Induction,Skilled Worker / Labour
2026-07-29,W-033,Worker 33,Carpentry,Formwork,Overtime,P/OT,8,3,150,450,No,Safety Helmet; Safety Shoes; High-Visibility Vest; Task-Specific Gloves,500000,Toolbox Talk / Site Safety Induction,Skilled Worker / Labour
2026-07-30,W-033,Worker 33,Carpentry,Formwork,Overtime,P/OT,8,3,150,450,No,Safety Helmet; Safety Shoes; High-Visibility Vest; Task-Specific Gloves,500000,Toolbox Talk / Site Safety Induction,Skilled Worker / Labour
2026-07-01,W-034,Worker 34,Carpentry,Shuttering,Overtime,P/OT,8,3,150,450,No,Safety Helmet; Safety Shoes; High-Visibility Vest; Task-Specific Gloves,500000,Toolbox Talk / Site Safety Induction,Skilled Worker / Labour
2026-07-02,W-034,Worker 34,Carpentry,Shuttering,Overtime,P/OT,8,3,150,450,No,Safety Helmet; Safety Shoes; High-Visibility Vest; Task-Specific Gloves,500000,Toolbox Talk / Site Safety Induction,Skilled Worker / Labour
2026-07-03,W-034,Worker 34,Carpentry,Shuttering,Overtime,P/OT,8,3,150,450,No,Safety Helmet; Safety Shoes; High-Visibility Vest; Task-Specific Gloves,500000,Toolbox Talk / Site Safety Induction,Skilled Worker / Labour
2026-07-04,W-034,Worker 34,Carpentry,Shuttering,Overtime,P/OT,8,3,150,450,No,Safety Helmet; Safety Shoes; High-Visibility Vest; Task-Specific Gloves,500000,Toolbox Talk / Site Safety Induction,Skilled Worker / Labour
2026-07-05,W-034,Worker 34,Carpentry,Shuttering,Overtime,H,0,0,0,0,Yes,Safety Helmet; Safety Shoes; High-Visibility Vest; Task-Specific Gloves,500000,Toolbox Talk / Site Safety Induction,Skilled Worker / Labour
2026-07-06,W-034,Worker 34,Carpentry,Shuttering,Overtime,P/OT,8,3,150,450,No,Safety Helmet; Safety Shoes; High-Visibility Vest; Task-Specific Gloves,500000,Toolbox Talk / Site Safety Induction,Skilled Worker / Labour
2026-07-07,W-034,Worker 34,Carpentry,Shuttering,Overtime,P/OT,8,3,150,450,No,Safety Helmet; Safety Shoes; High-Visibility Vest; Task-Specific Gloves,500000,Toolbox Talk / Site Safety Induction,Skilled Worker / Labour
2026-07-08,W-034,Worker 34,Carpentry,Shuttering,Overtime,P/OT,8,3,150,450,No,Safety Helmet; Safety Shoes; High-Visibility Vest; Task-Specific Gloves,500000,Toolbox Talk / Site Safety Induction,Skilled Worker / Labour
2026-07-09,W-034,Worker 34,Carpentry,Shuttering,Overtime,P/OT,8,3,150,450,No,Safety Helmet; Safety Shoes; High-Visibility Vest; Task-Specific Gloves,500000,Toolbox Talk / Site Safety Induction,Skilled Worker / Labour
2026-07-10,W-034,Worker 34,Carpentry,Shuttering,Overtime,P/OT,8,3,150,450,No,Safety Helmet; Safety Shoes; High-Visibility Vest; Task-Specific Gloves,500000,Toolbox Talk / Site Safety Induction,Skilled Worker / Labour
2026-07-11,W-034,Worker 34,Carpentry,Shuttering,Overtime,P/OT,8,3,150,450,No,Safety Helmet; Safety Shoes; High-Visibility Vest; Task-Specific Gloves,500000,Toolbox Talk / Site Safety Induction,Skilled Worker / Labour
2026-07-12,W-034,Worker 34,Carpentry,Shuttering,Overtime,H,0,0,0,0,Yes,Safety Helmet; Safety Shoes; High-Visibility Vest; Task-Specific Gloves,500000,Toolbox Talk / Site Safety Induction,Skilled Worker / Labour
2026-07-13,W-034,Worker 34,Carpentry,Shuttering,Overtime,P/OT,8,3,150,450,No,Safety Helmet; Safety Shoes; High-Visibility Vest; Task-Specific Gloves,500000,Toolbox Talk / Site Safety Induction,Skilled Worker / Labour
2026-07-14,W-034,Worker 34,Carpentry,Shuttering,Overtime,P/OT,8,3,150,450,No,Safety Helmet; Safety Shoes; High-Visibility Vest; Task-Specific Gloves,500000,Toolbox Talk / Site Safety Induction,Skilled Worker / Labour
2026-07-15,W-034,Worker 34,Carpentry,Shuttering,Overtime,P/OT,8,3,150,450,No,Safety Helmet; Safety Shoes; High-Visibility Vest; Task-Specific Gloves,500000,Toolbox Talk / Site Safety Induction,Skilled Worker / Labour
2026-07-16,W-034,Worker 34,Carpentry,Shuttering,Overtime,P/OT,8,3,150,450,No,Safety Helmet; Safety Shoes; High-Visibility Vest; Task-Specific Gloves,500000,Toolbox Talk / Site Safety Induction,Skilled Worker / Labour
2026-07-17,W-034,Worker 34,Carpentry,Shuttering,Overtime,P/OT,8,3,150,450,No,Safety Helmet; Safety Shoes; High-Visibility Vest; Task-Specific Gloves,500000,Toolbox Talk / Site Safety Induction,Skilled Worker / Labour
2026-07-18,W-034,Worker 34,Carpentry,Shuttering,Overtime,P/OT,8,3,150,450,No,Safety Helmet; Safety Shoes; High-Visibility Vest; Task-Specific Gloves,500000,Toolbox Talk / Site Safety Induction,Skilled Worker / Labour
2026-07-19,W-034,Worker 34,Carpentry,Shuttering,Overtime,H,0,0,0,0,Yes,Safety Helmet; Safety Shoes; High-Visibility Vest; Task-Specific Gloves,500000,Toolbox Talk / Site Safety Induction,Skilled Worker / Labour
2026-07-20,W-034,Worker 34,Carpentry,Shuttering,Overtime,P/OT,8,3,150,450,No,Safety Helmet; Safety Shoes; High-Visibility Vest; Task-Specific Gloves,500000,Toolbox Talk / Site Safety Induction,Skilled Worker / Labour
2026-07-21,W-034,Worker 34,Carpentry,Shuttering,Overtime,P/OT,8,3,150,450,No,Safety Helmet; Safety Shoes; High-Visibility Vest; Task-Specific Gloves,500000,Toolbox Talk / Site Safety Induction,Skilled Worker / Labour
2026-07-22,W-034,Worker 34,Carpentry,Shuttering,Overtime,P/OT,8,3,150,450,No,Safety Helmet; Safety Shoes; High-Visibility Vest; Task-Specific Gloves,500000,Toolbox Talk / Site Safety Induction,Skilled Worker / Labour
2026-07-23,W-034,Worker 34,Carpentry,Shuttering,Overtime,P/OT,8,3,150,450,No,Safety Helmet; Safety Shoes; High-Visibility Vest; Task-Specific Gloves,500000,Toolbox Talk / Site Safety Induction,Skilled Worker / Labour
2026-07-24,W-034,Worker 34,Carpentry,Shuttering,Overtime,P/OT,8,3,150,450,No,Safety Helmet; Safety Shoes; High-Visibility Vest; Task-Specific Gloves,500000,Toolbox Talk / Site Safety Induction,Skilled Worker / Labour
2026-07-25,W-034,Worker 34,Carpentry,Shuttering,Overtime,A,0,0,0,0,No,Safety Helmet; Safety Shoes; High-Visibility Vest; Task-Specific Gloves,500000,Toolbox Talk / Site Safety Induction,Skilled Worker / Labour
2026-07-26,W-034,Worker 34,Carpentry,Shuttering,Overtime,H,0,0,0,0,Yes,Safety Helmet; Safety Shoes; High-Visibility Vest; Task-Specific Gloves,500000,Toolbox Talk / Site Safety Induction,Skilled Worker / Labour
2026-07-27,W-034,Worker 34,Carpentry,Shuttering,Overtime,P/OT,8,3,150,450,No,Safety Helmet; Safety Shoes; High-Visibility Vest; Task-Specific Gloves,500000,Toolbox Talk / Site Safety Induction,Skilled Worker / Labour
2026-07-28,W-034,Worker 34,Carpentry,Shuttering,Overtime,P/OT,8,3,150,450,No,Safety Helmet; Safety Shoes; High-Visibility Vest; Task-Specific Gloves,500000,Toolbox Talk / Site Safety Induction,Skilled Worker / Labour
2026-07-29,W-034,Worker 34,Carpentry,Shuttering,Overtime,P/OT,8,3,150,450,No,Safety Helmet; Safety Shoes; High-Visibility Vest; Task-Specific Gloves,500000,Toolbox Talk / Site Safety Induction,Skilled Worker / Labour
2026-07-30,W-034,Worker 34,Carpentry,Shuttering,Overtime,P/OT,8,3,150,450,No,Safety Helmet; Safety Shoes; High-Visibility Vest; Task-Specific Gloves,500000,Toolbox Talk / Site Safety Induction,Skilled Worker / Labour
2026-07-01,W-035,Worker 35,Steel Fixing,Reinforcement Fixing,Overtime,P/OT,8,3,150,450,No,Safety Helmet; Safety Shoes; High-Visibility Vest; Task-Specific Gloves,500000,Toolbox Talk / Site Safety Induction,Skilled Worker / Labour
2026-07-02,W-035,Worker 35,Steel Fixing,Reinforcement Fixing,Overtime,P/OT,8,3,150,450,No,Safety Helmet; Safety Shoes; High-Visibility Vest; Task-Specific Gloves,500000,Toolbox Talk / Site Safety Induction,Skilled Worker / Labour
2026-07-03,W-035,Worker 35,Steel Fixing,Reinforcement Fixing,Overtime,P/OT,8,3,150,450,No,Safety Helmet; Safety Shoes; High-Visibility Vest; Task-Specific Gloves,500000,Toolbox Talk / Site Safety Induction,Skilled Worker / Labour
2026-07-04,W-035,Worker 35,Steel Fixing,Reinforcement Fixing,Overtime,P/OT,8,3,150,450,No,Safety Helmet; Safety Shoes; High-Visibility Vest; Task-Specific Gloves,500000,Toolbox Talk / Site Safety Induction,Skilled Worker / Labour
2026-07-05,W-035,Worker 35,Steel Fixing,Reinforcement Fixing,Overtime,H,0,0,0,0,Yes,Safety Helmet; Safety Shoes; High-Visibility Vest; Task-Specific Gloves,500000,Toolbox Talk / Site Safety Induction,Skilled Worker / Labour
2026-07-06,W-035,Worker 35,Steel Fixing,Reinforcement Fixing,Overtime,P/OT,8,3,150,450,No,Safety Helmet; Safety Shoes; High-Visibility Vest; Task-Specific Gloves,500000,Toolbox Talk / Site Safety Induction,Skilled Worker / Labour
2026-07-07,W-035,Worker 35,Steel Fixing,Reinforcement Fixing,Overtime,P/OT,8,3,150,450,No,Safety Helmet; Safety Shoes; High-Visibility Vest; Task-Specific Gloves,500000,Toolbox Talk / Site Safety Induction,Skilled Worker / Labour
2026-07-08,W-035,Worker 35,Steel Fixing,Reinforcement Fixing,Overtime,P/OT,8,3,150,450,No,Safety Helmet; Safety Shoes; High-Visibility Vest; Task-Specific Gloves,500000,Toolbox Talk / Site Safety Induction,Skilled Worker / Labour
2026-07-09,W-035,Worker 35,Steel Fixing,Reinforcement Fixing,Overtime,P/OT,8,3,150,450,No,Safety Helmet; Safety Shoes; High-Visibility Vest; Task-Specific Gloves,500000,Toolbox Talk / Site Safety Induction,Skilled Worker / Labour
2026-07-10,W-035,Worker 35,Steel Fixing,Reinforcement Fixing,Overtime,P/OT,8,3,150,450,No,Safety Helmet; Safety Shoes; High-Visibility Vest; Task-Specific Gloves,500000,Toolbox Talk / Site Safety Induction,Skilled Worker / Labour
2026-07-11,W-035,Worker 35,Steel Fixing,Reinforcement Fixing,Overtime,P/OT,8,3,150,450,No,Safety Helmet; Safety Shoes; High-Visibility Vest; Task-Specific Gloves,500000,Toolbox Talk / Site Safety Induction,Skilled Worker / Labour
2026-07-12,W-035,Worker 35,Steel Fixing,Reinforcement Fixing,Overtime,H,0,0,0,0,Yes,Safety Helmet; Safety Shoes; High-Visibility Vest; Task-Specific Gloves,500000,Toolbox Talk / Site Safety Induction,Skilled Worker / Labour
2026-07-13,W-035,Worker 35,Steel Fixing,Reinforcement Fixing,Overtime,P/OT,8,3,150,450,No,Safety Helmet; Safety Shoes; High-Visibility Vest; Task-Specific Gloves,500000,Toolbox Talk / Site Safety Induction,Skilled Worker / Labour
2026-07-14,W-035,Worker 35,Steel Fixing,Reinforcement Fixing,Overtime,P/OT,8,3,150,450,No,Safety Helmet; Safety Shoes; High-Visibility Vest; Task-Specific Gloves,500000,Toolbox Talk / Site Safety Induction,Skilled Worker / Labour
2026-07-15,W-035,Worker 35,Steel Fixing,Reinforcement Fixing,Overtime,P/OT,8,3,150,450,No,Safety Helmet; Safety Shoes; High-Visibility Vest; Task-Specific Gloves,500000,Toolbox Talk / Site Safety Induction,Skilled Worker / Labour
2026-07-16,W-035,Worker 35,Steel Fixing,Reinforcement Fixing,Overtime,P/OT,8,3,150,450,No,Safety Helmet; Safety Shoes; High-Visibility Vest; Task-Specific Gloves,500000,Toolbox Talk / Site Safety Induction,Skilled Worker / Labour
2026-07-17,W-035,Worker 35,Steel Fixing,Reinforcement Fixing,Overtime,P/OT,8,3,150,450,No,Safety Helmet; Safety Shoes; High-Visibility Vest; Task-Specific Gloves,500000,Toolbox Talk / Site Safety Induction,Skilled Worker / Labour
2026-07-18,W-035,Worker 35,Steel Fixing,Reinforcement Fixing,Overtime,P/OT,8,3,150,450,No,Safety Helmet; Safety Shoes; High-Visibility Vest; Task-Specific Gloves,500000,Toolbox Talk / Site Safety Induction,Skilled Worker / Labour
2026-07-19,W-035,Worker 35,Steel Fixing,Reinforcement Fixing,Overtime,H,0,0,0,0,Yes,Safety Helmet; Safety Shoes; High-Visibility Vest; Task-Specific Gloves,500000,Toolbox Talk / Site Safety Induction,Skilled Worker / Labour
2026-07-20,W-035,Worker 35,Steel Fixing,Reinforcement Fixing,Overtime,P/OT,8,3,150,450,No,Safety Helmet; Safety Shoes; High-Visibility Vest; Task-Specific Gloves,500000,Toolbox Talk / Site Safety Induction,Skilled Worker / Labour
2026-07-21,W-035,Worker 35,Steel Fixing,Reinforcement Fixing,Overtime,P/OT,8,3,150,450,No,Safety Helmet; Safety Shoes; High-Visibility Vest; Task-Specific Gloves,500000,Toolbox Talk / Site Safety Induction,Skilled Worker / Labour
2026-07-22,W-035,Worker 35,Steel Fixing,Reinforcement Fixing,Overtime,P/OT,8,3,150,450,No,Safety Helmet; Safety Shoes; High-Visibility Vest; Task-Specific Gloves,500000,Toolbox Talk / Site Safety Induction,Skilled Worker / Labour
2026-07-23,W-035,Worker 35,Steel Fixing,Reinforcement Fixing,Overtime,P/OT,8,3,150,450,No,Safety Helmet; Safety Shoes; High-Visibility Vest; Task-Specific Gloves,500000,Toolbox Talk / Site Safety Induction,Skilled Worker / Labour
2026-07-24,W-035,Worker 35,Steel Fixing,Reinforcement Fixing,Overtime,A,0,0,0,0,No,Safety Helmet; Safety Shoes; High-Visibility Vest; Task-Specific Gloves,500000,Toolbox Talk / Site Safety Induction,Skilled Worker / Labour
2026-07-25,W-035,Worker 35,Steel Fixing,Reinforcement Fixing,Overtime,P/OT,8,3,150,450,No,Safety Helmet; Safety Shoes; High-Visibility Vest; Task-Specific Gloves,500000,Toolbox Talk / Site Safety Induction,Skilled Worker / Labour
2026-07-26,W-035,Worker 35,Steel Fixing,Reinforcement Fixing,Overtime,H,0,0,0,0,Yes,Safety Helmet; Safety Shoes; High-Visibility Vest; Task-Specific Gloves,500000,Toolbox Talk / Site Safety Induction,Skilled Worker / Labour
2026-07-27,W-035,Worker 35,Steel Fixing,Reinforcement Fixing,Overtime,P/OT,8,3,150,450,No,Safety Helmet; Safety Shoes; High-Visibility Vest; Task-Specific Gloves,500000,Toolbox Talk / Site Safety Induction,Skilled Worker / Labour
2026-07-28,W-035,Worker 35,Steel Fixing,Reinforcement Fixing,Overtime,P/OT,8,3,150,450,No,Safety Helmet; Safety Shoes; High-Visibility Vest; Task-Specific Gloves,500000,Toolbox Talk / Site Safety Induction,Skilled Worker / Labour
2026-07-29,W-035,Worker 35,Steel Fixing,Reinforcement Fixing,Overtime,P/OT,8,3,150,450,No,Safety Helmet; Safety Shoes; High-Visibility Vest; Task-Specific Gloves,500000,Toolbox Talk / Site Safety Induction,Skilled Worker / Labour
2026-07-30,W-035,Worker 35,Steel Fixing,Reinforcement Fixing,Overtime,P/OT,8,3,150,450,No,Safety Helmet; Safety Shoes; High-Visibility Vest; Task-Specific Gloves,500000,Toolbox Talk / Site Safety Induction,Skilled Worker / Labour
2026-07-01,W-036,Worker 36,Steel Fixing,Bar Bending,Overtime,P/OT,8,3,150,450,No,Safety Helmet; Safety Shoes; High-Visibility Vest; Task-Specific Gloves,500000,Toolbox Talk / Site Safety Induction,Skilled Worker / Labour
2026-07-02,W-036,Worker 36,Steel Fixing,Bar Bending,Overtime,P/OT,8,3,150,450,No,Safety Helmet; Safety Shoes; High-Visibility Vest; Task-Specific Gloves,500000,Toolbox Talk / Site Safety Induction,Skilled Worker / Labour
2026-07-03,W-036,Worker 36,Steel Fixing,Bar Bending,Overtime,P/OT,8,3,150,450,No,Safety Helmet; Safety Shoes; High-Visibility Vest; Task-Specific Gloves,500000,Toolbox Talk / Site Safety Induction,Skilled Worker / Labour
2026-07-04,W-036,Worker 36,Steel Fixing,Bar Bending,Overtime,P/OT,8,3,150,450,No,Safety Helmet; Safety Shoes; High-Visibility Vest; Task-Specific Gloves,500000,Toolbox Talk / Site Safety Induction,Skilled Worker / Labour
2026-07-05,W-036,Worker 36,Steel Fixing,Bar Bending,Overtime,H,0,0,0,0,Yes,Safety Helmet; Safety Shoes; High-Visibility Vest; Task-Specific Gloves,500000,Toolbox Talk / Site Safety Induction,Skilled Worker / Labour
2026-07-06,W-036,Worker 36,Steel Fixing,Bar Bending,Overtime,P/OT,8,3,150,450,No,Safety Helmet; Safety Shoes; High-Visibility Vest; Task-Specific Gloves,500000,Toolbox Talk / Site Safety Induction,Skilled Worker / Labour
2026-07-07,W-036,Worker 36,Steel Fixing,Bar Bending,Overtime,P/OT,8,3,150,450,No,Safety Helmet; Safety Shoes; High-Visibility Vest; Task-Specific Gloves,500000,Toolbox Talk / Site Safety Induction,Skilled Worker / Labour
2026-07-08,W-036,Worker 36,Steel Fixing,Bar Bending,Overtime,P/OT,8,3,150,450,No,Safety Helmet; Safety Shoes; High-Visibility Vest; Task-Specific Gloves,500000,Toolbox Talk / Site Safety Induction,Skilled Worker / Labour
2026-07-09,W-036,Worker 36,Steel Fixing,Bar Bending,Overtime,P/OT,8,3,150,450,No,Safety Helmet; Safety Shoes; High-Visibility Vest; Task-Specific Gloves,500000,Toolbox Talk / Site Safety Induction,Skilled Worker / Labour
2026-07-10,W-036,Worker 36,Steel Fixing,Bar Bending,Overtime,P/OT,8,3,150,450,No,Safety Helmet; Safety Shoes; High-Visibility Vest; Task-Specific Gloves,500000,Toolbox Talk / Site Safety Induction,Skilled Worker / Labour
2026-07-11,W-036,Worker 36,Steel Fixing,Bar Bending,Overtime,P/OT,8,3,150,450,No,Safety Helmet; Safety Shoes; High-Visibility Vest; Task-Specific Gloves,500000,Toolbox Talk / Site Safety Induction,Skilled Worker / Labour
2026-07-12,W-036,Worker 36,Steel Fixing,Bar Bending,Overtime,H,0,0,0,0,Yes,Safety Helmet; Safety Shoes; High-Visibility Vest; Task-Specific Gloves,500000,Toolbox Talk / Site Safety Induction,Skilled Worker / Labour
2026-07-13,W-036,Worker 36,Steel Fixing,Bar Bending,Overtime,P/OT,8,3,150,450,No,Safety Helmet; Safety Shoes; High-Visibility Vest; Task-Specific Gloves,500000,Toolbox Talk / Site Safety Induction,Skilled Worker / Labour
2026-07-14,W-036,Worker 36,Steel Fixing,Bar Bending,Overtime,P/OT,8,3,150,450,No,Safety Helmet; Safety Shoes; High-Visibility Vest; Task-Specific Gloves,500000,Toolbox Talk / Site Safety Induction,Skilled Worker / Labour
2026-07-15,W-036,Worker 36,Steel Fixing,Bar Bending,Overtime,P/OT,8,3,150,450,No,Safety Helmet; Safety Shoes; High-Visibility Vest; Task-Specific Gloves,500000,Toolbox Talk / Site Safety Induction,Skilled Worker / Labour
2026-07-16,W-036,Worker 36,Steel Fixing,Bar Bending,Overtime,P/OT,8,3,150,450,No,Safety Helmet; Safety Shoes; High-Visibility Vest; Task-Specific Gloves,500000,Toolbox Talk / Site Safety Induction,Skilled Worker / Labour
2026-07-17,W-036,Worker 36,Steel Fixing,Bar Bending,Overtime,P/OT,8,3,150,450,No,Safety Helmet; Safety Shoes; High-Visibility Vest; Task-Specific Gloves,500000,Toolbox Talk / Site Safety Induction,Skilled Worker / Labour
2026-07-18,W-036,Worker 36,Steel Fixing,Bar Bending,Overtime,P/OT,8,3,150,450,No,Safety Helmet; Safety Shoes; High-Visibility Vest; Task-Specific Gloves,500000,Toolbox Talk / Site Safety Induction,Skilled Worker / Labour
2026-07-19,W-036,Worker 36,Steel Fixing,Bar Bending,Overtime,H,0,0,0,0,Yes,Safety Helmet; Safety Shoes; High-Visibility Vest; Task-Specific Gloves,500000,Toolbox Talk / Site Safety Induction,Skilled Worker / Labour
2026-07-20,W-036,Worker 36,Steel Fixing,Bar Bending,Overtime,P/OT,8,3,150,450,No,Safety Helmet; Safety Shoes; High-Visibility Vest; Task-Specific Gloves,500000,Toolbox Talk / Site Safety Induction,Skilled Worker / Labour
2026-07-21,W-036,Worker 36,Steel Fixing,Bar Bending,Overtime,P/OT,8,3,150,450,No,Safety Helmet; Safety Shoes; High-Visibility Vest; Task-Specific Gloves,500000,Toolbox Talk / Site Safety Induction,Skilled Worker / Labour
2026-07-22,W-036,Worker 36,Steel Fixing,Bar Bending,Overtime,P/OT,8,3,150,450,No,Safety Helmet; Safety Shoes; High-Visibility Vest; Task-Specific Gloves,500000,Toolbox Talk / Site Safety Induction,Skilled Worker / Labour
2026-07-23,W-036,Worker 36,Steel Fixing,Bar Bending,Overtime,A,0,0,0,0,No,Safety Helmet; Safety Shoes; High-Visibility Vest; Task-Specific Gloves,500000,Toolbox Talk / Site Safety Induction,Skilled Worker / Labour
2026-07-24,W-036,Worker 36,Steel Fixing,Bar Bending,Overtime,P/OT,8,3,150,450,No,Safety Helmet; Safety Shoes; High-Visibility Vest; Task-Specific Gloves,500000,Toolbox Talk / Site Safety Induction,Skilled Worker / Labour
2026-07-25,W-036,Worker 36,Steel Fixing,Bar Bending,Overtime,P/OT,8,3,150,450,No,Safety Helmet; Safety Shoes; High-Visibility Vest; Task-Specific Gloves,500000,Toolbox Talk / Site Safety Induction,Skilled Worker / Labour
2026-07-26,W-036,Worker 36,Steel Fixing,Bar Bending,Overtime,H,0,0,0,0,Yes,Safety Helmet; Safety Shoes; High-Visibility Vest; Task-Specific Gloves,500000,Toolbox Talk / Site Safety Induction,Skilled Worker / Labour
2026-07-27,W-036,Worker 36,Steel Fixing,Bar Bending,Overtime,P/OT,8,3,150,450,No,Safety Helmet; Safety Shoes; High-Visibility Vest; Task-Specific Gloves,500000,Toolbox Talk / Site Safety Induction,Skilled Worker / Labour
2026-07-28,W-036,Worker 36,Steel Fixing,Bar Bending,Overtime,P/OT,8,3,150,450,No,Safety Helmet; Safety Shoes; High-Visibility Vest; Task-Specific Gloves,500000,Toolbox Talk / Site Safety Induction,Skilled Worker / Labour
2026-07-29,W-036,Worker 36,Steel Fixing,Bar Bending,Overtime,P/OT,8,3,150,450,No,Safety Helmet; Safety Shoes; High-Visibility Vest; Task-Specific Gloves,500000,Toolbox Talk / Site Safety Induction,Skilled Worker / Labour
2026-07-30,W-036,Worker 36,Steel Fixing,Bar Bending,Overtime,P/OT,8,3,150,450,No,Safety Helmet; Safety Shoes; High-Visibility Vest; Task-Specific Gloves,500000,Toolbox Talk / Site Safety Induction,Skilled Worker / Labour
2026-07-01,W-037,Worker 37,Concrete Work,Concrete Placement,Overtime,P/OT,8,3,150,450,No,Safety Helmet; Safety Shoes; High-Visibility Vest; Task-Specific Gloves,500000,Toolbox Talk / Site Safety Induction,Skilled Worker / Labour
2026-07-02,W-037,Worker 37,Concrete Work,Concrete Placement,Overtime,P/OT,8,3,150,450,No,Safety Helmet; Safety Shoes; High-Visibility Vest; Task-Specific Gloves,500000,Toolbox Talk / Site Safety Induction,Skilled Worker / Labour
2026-07-03,W-037,Worker 37,Concrete Work,Concrete Placement,Overtime,P/OT,8,3,150,450,No,Safety Helmet; Safety Shoes; High-Visibility Vest; Task-Specific Gloves,500000,Toolbox Talk / Site Safety Induction,Skilled Worker / Labour
2026-07-04,W-037,Worker 37,Concrete Work,Concrete Placement,Overtime,P/OT,8,3,150,450,No,Safety Helmet; Safety Shoes; High-Visibility Vest; Task-Specific Gloves,500000,Toolbox Talk / Site Safety Induction,Skilled Worker / Labour
2026-07-05,W-037,Worker 37,Concrete Work,Concrete Placement,Overtime,H,0,0,0,0,Yes,Safety Helmet; Safety Shoes; High-Visibility Vest; Task-Specific Gloves,500000,Toolbox Talk / Site Safety Induction,Skilled Worker / Labour
2026-07-06,W-037,Worker 37,Concrete Work,Concrete Placement,Overtime,P/OT,8,3,150,450,No,Safety Helmet; Safety Shoes; High-Visibility Vest; Task-Specific Gloves,500000,Toolbox Talk / Site Safety Induction,Skilled Worker / Labour
2026-07-07,W-037,Worker 37,Concrete Work,Concrete Placement,Overtime,P/OT,8,3,150,450,No,Safety Helmet; Safety Shoes; High-Visibility Vest; Task-Specific Gloves,500000,Toolbox Talk / Site Safety Induction,Skilled Worker / Labour
2026-07-08,W-037,Worker 37,Concrete Work,Concrete Placement,Overtime,P/OT,8,3,150,450,No,Safety Helmet; Safety Shoes; High-Visibility Vest; Task-Specific Gloves,500000,Toolbox Talk / Site Safety Induction,Skilled Worker / Labour
2026-07-09,W-037,Worker 37,Concrete Work,Concrete Placement,Overtime,P/OT,8,3,150,450,No,Safety Helmet; Safety Shoes; High-Visibility Vest; Task-Specific Gloves,500000,Toolbox Talk / Site Safety Induction,Skilled Worker / Labour
2026-07-10,W-037,Worker 37,Concrete Work,Concrete Placement,Overtime,P/OT,8,3,150,450,No,Safety Helmet; Safety Shoes; High-Visibility Vest; Task-Specific Gloves,500000,Toolbox Talk / Site Safety Induction,Skilled Worker / Labour
2026-07-11,W-037,Worker 37,Concrete Work,Concrete Placement,Overtime,P/OT,8,3,150,450,No,Safety Helmet; Safety Shoes; High-Visibility Vest; Task-Specific Gloves,500000,Toolbox Talk / Site Safety Induction,Skilled Worker / Labour
2026-07-12,W-037,Worker 37,Concrete Work,Concrete Placement,Overtime,H,0,0,0,0,Yes,Safety Helmet; Safety Shoes; High-Visibility Vest; Task-Specific Gloves,500000,Toolbox Talk / Site Safety Induction,Skilled Worker / Labour
2026-07-13,W-037,Worker 37,Concrete Work,Concrete Placement,Overtime,P/OT,8,3,150,450,No,Safety Helmet; Safety Shoes; High-Visibility Vest; Task-Specific Gloves,500000,Toolbox Talk / Site Safety Induction,Skilled Worker / Labour
2026-07-14,W-037,Worker 37,Concrete Work,Concrete Placement,Overtime,P/OT,8,3,150,450,No,Safety Helmet; Safety Shoes; High-Visibility Vest; Task-Specific Gloves,500000,Toolbox Talk / Site Safety Induction,Skilled Worker / Labour
2026-07-15,W-037,Worker 37,Concrete Work,Concrete Placement,Overtime,P/OT,8,3,150,450,No,Safety Helmet; Safety Shoes; High-Visibility Vest; Task-Specific Gloves,500000,Toolbox Talk / Site Safety Induction,Skilled Worker / Labour
2026-07-16,W-037,Worker 37,Concrete Work,Concrete Placement,Overtime,P/OT,8,3,150,450,No,Safety Helmet; Safety Shoes; High-Visibility Vest; Task-Specific Gloves,500000,Toolbox Talk / Site Safety Induction,Skilled Worker / Labour
2026-07-17,W-037,Worker 37,Concrete Work,Concrete Placement,Overtime,P/OT,8,3,150,450,No,Safety Helmet; Safety Shoes; High-Visibility Vest; Task-Specific Gloves,500000,Toolbox Talk / Site Safety Induction,Skilled Worker / Labour
2026-07-18,W-037,Worker 37,Concrete Work,Concrete Placement,Overtime,P/OT,8,3,150,450,No,Safety Helmet; Safety Shoes; High-Visibility Vest; Task-Specific Gloves,500000,Toolbox Talk / Site Safety Induction,Skilled Worker / Labour
2026-07-19,W-037,Worker 37,Concrete Work,Concrete Placement,Overtime,H,0,0,0,0,Yes,Safety Helmet; Safety Shoes; High-Visibility Vest; Task-Specific Gloves,500000,Toolbox Talk / Site Safety Induction,Skilled Worker / Labour
2026-07-20,W-037,Worker 37,Concrete Work,Concrete Placement,Overtime,P/OT,8,3,150,450,No,Safety Helmet; Safety Shoes; High-Visibility Vest; Task-Specific Gloves,500000,Toolbox Talk / Site Safety Induction,Skilled Worker / Labour
2026-07-21,W-037,Worker 37,Concrete Work,Concrete Placement,Overtime,P/OT,8,3,150,450,No,Safety Helmet; Safety Shoes; High-Visibility Vest; Task-Specific Gloves,500000,Toolbox Talk / Site Safety Induction,Skilled Worker / Labour
2026-07-22,W-037,Worker 37,Concrete Work,Concrete Placement,Overtime,A,0,0,0,0,No,Safety Helmet; Safety Shoes; High-Visibility Vest; Task-Specific Gloves,500000,Toolbox Talk / Site Safety Induction,Skilled Worker / Labour
2026-07-23,W-037,Worker 37,Concrete Work,Concrete Placement,Overtime,P/OT,8,3,150,450,No,Safety Helmet; Safety Shoes; High-Visibility Vest; Task-Specific Gloves,500000,Toolbox Talk / Site Safety Induction,Skilled Worker / Labour
2026-07-24,W-037,Worker 37,Concrete Work,Concrete Placement,Overtime,P/OT,8,3,150,450,No,Safety Helmet; Safety Shoes; High-Visibility Vest; Task-Specific Gloves,500000,Toolbox Talk / Site Safety Induction,Skilled Worker / Labour
2026-07-25,W-037,Worker 37,Concrete Work,Concrete Placement,Overtime,P/OT,8,3,150,450,No,Safety Helmet; Safety Shoes; High-Visibility Vest; Task-Specific Gloves,500000,Toolbox Talk / Site Safety Induction,Skilled Worker / Labour
2026-07-26,W-037,Worker 37,Concrete Work,Concrete Placement,Overtime,H,0,0,0,0,Yes,Safety Helmet; Safety Shoes; High-Visibility Vest; Task-Specific Gloves,500000,Toolbox Talk / Site Safety Induction,Skilled Worker / Labour
2026-07-27,W-037,Worker 37,Concrete Work,Concrete Placement,Overtime,P/OT,8,3,150,450,No,Safety Helmet; Safety Shoes; High-Visibility Vest; Task-Specific Gloves,500000,Toolbox Talk / Site Safety Induction,Skilled Worker / Labour
2026-07-28,W-037,Worker 37,Concrete Work,Concrete Placement,Overtime,P/OT,8,3,150,450,No,Safety Helmet; Safety Shoes; High-Visibility Vest; Task-Specific Gloves,500000,Toolbox Talk / Site Safety Induction,Skilled Worker / Labour
2026-07-29,W-037,Worker 37,Concrete Work,Concrete Placement,Overtime,P/OT,8,3,150,450,No,Safety Helmet; Safety Shoes; High-Visibility Vest; Task-Specific Gloves,500000,Toolbox Talk / Site Safety Induction,Skilled Worker / Labour
2026-07-30,W-037,Worker 37,Concrete Work,Concrete Placement,Overtime,P/OT,8,3,150,450,No,Safety Helmet; Safety Shoes; High-Visibility Vest; Task-Specific Gloves,500000,Toolbox Talk / Site Safety Induction,Skilled Worker / Labour
2026-07-01,W-038,Worker 38,Concrete Work,Vibrator Operation,Overtime,P/OT,8,3,150,450,No,Safety Helmet; Safety Shoes; High-Visibility Vest; Task-Specific Gloves,500000,Toolbox Talk / Site Safety Induction,Skilled Worker / Labour
2026-07-02,W-038,Worker 38,Concrete Work,Vibrator Operation,Overtime,P/OT,8,3,150,450,No,Safety Helmet; Safety Shoes; High-Visibility Vest; Task-Specific Gloves,500000,Toolbox Talk / Site Safety Induction,Skilled Worker / Labour
2026-07-03,W-038,Worker 38,Concrete Work,Vibrator Operation,Overtime,P/OT,8,3,150,450,No,Safety Helmet; Safety Shoes; High-Visibility Vest; Task-Specific Gloves,500000,Toolbox Talk / Site Safety Induction,Skilled Worker / Labour
2026-07-04,W-038,Worker 38,Concrete Work,Vibrator Operation,Overtime,P/OT,8,3,150,450,No,Safety Helmet; Safety Shoes; High-Visibility Vest; Task-Specific Gloves,500000,Toolbox Talk / Site Safety Induction,Skilled Worker / Labour
2026-07-05,W-038,Worker 38,Concrete Work,Vibrator Operation,Overtime,H,0,0,0,0,Yes,Safety Helmet; Safety Shoes; High-Visibility Vest; Task-Specific Gloves,500000,Toolbox Talk / Site Safety Induction,Skilled Worker / Labour
2026-07-06,W-038,Worker 38,Concrete Work,Vibrator Operation,Overtime,P/OT,8,3,150,450,No,Safety Helmet; Safety Shoes; High-Visibility Vest; Task-Specific Gloves,500000,Toolbox Talk / Site Safety Induction,Skilled Worker / Labour
2026-07-07,W-038,Worker 38,Concrete Work,Vibrator Operation,Overtime,P/OT,8,3,150,450,No,Safety Helmet; Safety Shoes; High-Visibility Vest; Task-Specific Gloves,500000,Toolbox Talk / Site Safety Induction,Skilled Worker / Labour
2026-07-08,W-038,Worker 38,Concrete Work,Vibrator Operation,Overtime,P/OT,8,3,150,450,No,Safety Helmet; Safety Shoes; High-Visibility Vest; Task-Specific Gloves,500000,Toolbox Talk / Site Safety Induction,Skilled Worker / Labour
2026-07-09,W-038,Worker 38,Concrete Work,Vibrator Operation,Overtime,P/OT,8,3,150,450,No,Safety Helmet; Safety Shoes; High-Visibility Vest; Task-Specific Gloves,500000,Toolbox Talk / Site Safety Induction,Skilled Worker / Labour
2026-07-10,W-038,Worker 38,Concrete Work,Vibrator Operation,Overtime,P/OT,8,3,150,450,No,Safety Helmet; Safety Shoes; High-Visibility Vest; Task-Specific Gloves,500000,Toolbox Talk / Site Safety Induction,Skilled Worker / Labour
2026-07-11,W-038,Worker 38,Concrete Work,Vibrator Operation,Overtime,P/OT,8,3,150,450,No,Safety Helmet; Safety Shoes; High-Visibility Vest; Task-Specific Gloves,500000,Toolbox Talk / Site Safety Induction,Skilled Worker / Labour
2026-07-12,W-038,Worker 38,Concrete Work,Vibrator Operation,Overtime,H,0,0,0,0,Yes,Safety Helmet; Safety Shoes; High-Visibility Vest; Task-Specific Gloves,500000,Toolbox Talk / Site Safety Induction,Skilled Worker / Labour
2026-07-13,W-038,Worker 38,Concrete Work,Vibrator Operation,Overtime,P/OT,8,3,150,450,No,Safety Helmet; Safety Shoes; High-Visibility Vest; Task-Specific Gloves,500000,Toolbox Talk / Site Safety Induction,Skilled Worker / Labour
2026-07-14,W-038,Worker 38,Concrete Work,Vibrator Operation,Overtime,P/OT,8,3,150,450,No,Safety Helmet; Safety Shoes; High-Visibility Vest; Task-Specific Gloves,500000,Toolbox Talk / Site Safety Induction,Skilled Worker / Labour
2026-07-15,W-038,Worker 38,Concrete Work,Vibrator Operation,Overtime,P/OT,8,3,150,450,No,Safety Helmet; Safety Shoes; High-Visibility Vest; Task-Specific Gloves,500000,Toolbox Talk / Site Safety Induction,Skilled Worker / Labour
2026-07-16,W-038,Worker 38,Concrete Work,Vibrator Operation,Overtime,P/OT,8,3,150,450,No,Safety Helmet; Safety Shoes; High-Visibility Vest; Task-Specific Gloves,500000,Toolbox Talk / Site Safety Induction,Skilled Worker / Labour
2026-07-17,W-038,Worker 38,Concrete Work,Vibrator Operation,Overtime,P/OT,8,3,150,450,No,Safety Helmet; Safety Shoes; High-Visibility Vest; Task-Specific Gloves,500000,Toolbox Talk / Site Safety Induction,Skilled Worker / Labour
2026-07-18,W-038,Worker 38,Concrete Work,Vibrator Operation,Overtime,P/OT,8,3,150,450,No,Safety Helmet; Safety Shoes; High-Visibility Vest; Task-Specific Gloves,500000,Toolbox Talk / Site Safety Induction,Skilled Worker / Labour
2026-07-19,W-038,Worker 38,Concrete Work,Vibrator Operation,Overtime,H,0,0,0,0,Yes,Safety Helmet; Safety Shoes; High-Visibility Vest; Task-Specific Gloves,500000,Toolbox Talk / Site Safety Induction,Skilled Worker / Labour
2026-07-20,W-038,Worker 38,Concrete Work,Vibrator Operation,Overtime,P/OT,8,3,150,450,No,Safety Helmet; Safety Shoes; High-Visibility Vest; Task-Specific Gloves,500000,Toolbox Talk / Site Safety Induction,Skilled Worker / Labour
2026-07-21,W-038,Worker 38,Concrete Work,Vibrator Operation,Overtime,A,0,0,0,0,No,Safety Helmet; Safety Shoes; High-Visibility Vest; Task-Specific Gloves,500000,Toolbox Talk / Site Safety Induction,Skilled Worker / Labour
2026-07-22,W-038,Worker 38,Concrete Work,Vibrator Operation,Overtime,P/OT,8,3,150,450,No,Safety Helmet; Safety Shoes; High-Visibility Vest; Task-Specific Gloves,500000,Toolbox Talk / Site Safety Induction,Skilled Worker / Labour
2026-07-23,W-038,Worker 38,Concrete Work,Vibrator Operation,Overtime,P/OT,8,3,150,450,No,Safety Helmet; Safety Shoes; High-Visibility Vest; Task-Specific Gloves,500000,Toolbox Talk / Site Safety Induction,Skilled Worker / Labour
2026-07-24,W-038,Worker 38,Concrete Work,Vibrator Operation,Overtime,P/OT,8,3,150,450,No,Safety Helmet; Safety Shoes; High-Visibility Vest; Task-Specific Gloves,500000,Toolbox Talk / Site Safety Induction,Skilled Worker / Labour
2026-07-25,W-038,Worker 38,Concrete Work,Vibrator Operation,Overtime,P/OT,8,3,150,450,No,Safety Helmet; Safety Shoes; High-Visibility Vest; Task-Specific Gloves,500000,Toolbox Talk / Site Safety Induction,Skilled Worker / Labour
2026-07-26,W-038,Worker 38,Concrete Work,Vibrator Operation,Overtime,H,0,0,0,0,Yes,Safety Helmet; Safety Shoes; High-Visibility Vest; Task-Specific Gloves,500000,Toolbox Talk / Site Safety Induction,Skilled Worker / Labour
2026-07-27,W-038,Worker 38,Concrete Work,Vibrator Operation,Overtime,P/OT,8,3,150,450,No,Safety Helmet; Safety Shoes; High-Visibility Vest; Task-Specific Gloves,500000,Toolbox Talk / Site Safety Induction,Skilled Worker / Labour
2026-07-28,W-038,Worker 38,Concrete Work,Vibrator Operation,Overtime,P/OT,8,3,150,450,No,Safety Helmet; Safety Shoes; High-Visibility Vest; Task-Specific Gloves,500000,Toolbox Talk / Site Safety Induction,Skilled Worker / Labour
2026-07-29,W-038,Worker 38,Concrete Work,Vibrator Operation,Overtime,P/OT,8,3,150,450,No,Safety Helmet; Safety Shoes; High-Visibility Vest; Task-Specific Gloves,500000,Toolbox Talk / Site Safety Induction,Skilled Worker / Labour
2026-07-30,W-038,Worker 38,Concrete Work,Vibrator Operation,Overtime,P/OT,8,3,150,450,No,Safety Helmet; Safety Shoes; High-Visibility Vest; Task-Specific Gloves,500000,Toolbox Talk / Site Safety Induction,Skilled Worker / Labour
2026-07-01,W-039,Worker 39,Concrete Work,Slab Finishing,Overtime,P/OT,8,3,150,450,No,Safety Helmet; Safety Shoes; High-Visibility Vest; Task-Specific Gloves,500000,Toolbox Talk / Site Safety Induction,Skilled Worker / Labour
2026-07-02,W-039,Worker 39,Concrete Work,Slab Finishing,Overtime,P/OT,8,3,150,450,No,Safety Helmet; Safety Shoes; High-Visibility Vest; Task-Specific Gloves,500000,Toolbox Talk / Site Safety Induction,Skilled Worker / Labour
2026-07-03,W-039,Worker 39,Concrete Work,Slab Finishing,Overtime,P/OT,8,3,150,450,No,Safety Helmet; Safety Shoes; High-Visibility Vest; Task-Specific Gloves,500000,Toolbox Talk / Site Safety Induction,Skilled Worker / Labour
2026-07-04,W-039,Worker 39,Concrete Work,Slab Finishing,Overtime,P/OT,8,3,150,450,No,Safety Helmet; Safety Shoes; High-Visibility Vest; Task-Specific Gloves,500000,Toolbox Talk / Site Safety Induction,Skilled Worker / Labour
2026-07-05,W-039,Worker 39,Concrete Work,Slab Finishing,Overtime,H,0,0,0,0,Yes,Safety Helmet; Safety Shoes; High-Visibility Vest; Task-Specific Gloves,500000,Toolbox Talk / Site Safety Induction,Skilled Worker / Labour
2026-07-06,W-039,Worker 39,Concrete Work,Slab Finishing,Overtime,P/OT,8,3,150,450,No,Safety Helmet; Safety Shoes; High-Visibility Vest; Task-Specific Gloves,500000,Toolbox Talk / Site Safety Induction,Skilled Worker / Labour
2026-07-07,W-039,Worker 39,Concrete Work,Slab Finishing,Overtime,P/OT,8,3,150,450,No,Safety Helmet; Safety Shoes; High-Visibility Vest; Task-Specific Gloves,500000,Toolbox Talk / Site Safety Induction,Skilled Worker / Labour
2026-07-08,W-039,Worker 39,Concrete Work,Slab Finishing,Overtime,P/OT,8,3,150,450,No,Safety Helmet; Safety Shoes; High-Visibility Vest; Task-Specific Gloves,500000,Toolbox Talk / Site Safety Induction,Skilled Worker / Labour
2026-07-09,W-039,Worker 39,Concrete Work,Slab Finishing,Overtime,P/OT,8,3,150,450,No,Safety Helmet; Safety Shoes; High-Visibility Vest; Task-Specific Gloves,500000,Toolbox Talk / Site Safety Induction,Skilled Worker / Labour
2026-07-10,W-039,Worker 39,Concrete Work,Slab Finishing,Overtime,P/OT,8,3,150,450,No,Safety Helmet; Safety Shoes; High-Visibility Vest; Task-Specific Gloves,500000,Toolbox Talk / Site Safety Induction,Skilled Worker / Labour
2026-07-11,W-039,Worker 39,Concrete Work,Slab Finishing,Overtime,P/OT,8,3,150,450,No,Safety Helmet; Safety Shoes; High-Visibility Vest; Task-Specific Gloves,500000,Toolbox Talk / Site Safety Induction,Skilled Worker / Labour
2026-07-12,W-039,Worker 39,Concrete Work,Slab Finishing,Overtime,H,0,0,0,0,Yes,Safety Helmet; Safety Shoes; High-Visibility Vest; Task-Specific Gloves,500000,Toolbox Talk / Site Safety Induction,Skilled Worker / Labour
2026-07-13,W-039,Worker 39,Concrete Work,Slab Finishing,Overtime,P/OT,8,3,150,450,No,Safety Helmet; Safety Shoes; High-Visibility Vest; Task-Specific Gloves,500000,Toolbox Talk / Site Safety Induction,Skilled Worker / Labour
2026-07-14,W-039,Worker 39,Concrete Work,Slab Finishing,Overtime,P/OT,8,3,150,450,No,Safety Helmet; Safety Shoes; High-Visibility Vest; Task-Specific Gloves,500000,Toolbox Talk / Site Safety Induction,Skilled Worker / Labour
2026-07-15,W-039,Worker 39,Concrete Work,Slab Finishing,Overtime,P/OT,8,3,150,450,No,Safety Helmet; Safety Shoes; High-Visibility Vest; Task-Specific Gloves,500000,Toolbox Talk / Site Safety Induction,Skilled Worker / Labour
2026-07-16,W-039,Worker 39,Concrete Work,Slab Finishing,Overtime,P/OT,8,3,150,450,No,Safety Helmet; Safety Shoes; High-Visibility Vest; Task-Specific Gloves,500000,Toolbox Talk / Site Safety Induction,Skilled Worker / Labour
2026-07-17,W-039,Worker 39,Concrete Work,Slab Finishing,Overtime,P/OT,8,3,150,450,No,Safety Helmet; Safety Shoes; High-Visibility Vest; Task-Specific Gloves,500000,Toolbox Talk / Site Safety Induction,Skilled Worker / Labour
2026-07-18,W-039,Worker 39,Concrete Work,Slab Finishing,Overtime,P/OT,8,3,150,450,No,Safety Helmet; Safety Shoes; High-Visibility Vest; Task-Specific Gloves,500000,Toolbox Talk / Site Safety Induction,Skilled Worker / Labour
2026-07-19,W-039,Worker 39,Concrete Work,Slab Finishing,Overtime,H,0,0,0,0,Yes,Safety Helmet; Safety Shoes; High-Visibility Vest; Task-Specific Gloves,500000,Toolbox Talk / Site Safety Induction,Skilled Worker / Labour
2026-07-20,W-039,Worker 39,Concrete Work,Slab Finishing,Overtime,A,0,0,0,0,No,Safety Helmet; Safety Shoes; High-Visibility Vest; Task-Specific Gloves,500000,Toolbox Talk / Site Safety Induction,Skilled Worker / Labour
2026-07-21,W-039,Worker 39,Concrete Work,Slab Finishing,Overtime,P/OT,8,3,150,450,No,Safety Helmet; Safety Shoes; High-Visibility Vest; Task-Specific Gloves,500000,Toolbox Talk / Site Safety Induction,Skilled Worker / Labour
2026-07-22,W-039,Worker 39,Concrete Work,Slab Finishing,Overtime,P/OT,8,3,150,450,No,Safety Helmet; Safety Shoes; High-Visibility Vest; Task-Specific Gloves,500000,Toolbox Talk / Site Safety Induction,Skilled Worker / Labour
2026-07-23,W-039,Worker 39,Concrete Work,Slab Finishing,Overtime,P/OT,8,3,150,450,No,Safety Helmet; Safety Shoes; High-Visibility Vest; Task-Specific Gloves,500000,Toolbox Talk / Site Safety Induction,Skilled Worker / Labour
2026-07-24,W-039,Worker 39,Concrete Work,Slab Finishing,Overtime,P/OT,8,3,150,450,No,Safety Helmet; Safety Shoes; High-Visibility Vest; Task-Specific Gloves,500000,Toolbox Talk / Site Safety Induction,Skilled Worker / Labour
2026-07-25,W-039,Worker 39,Concrete Work,Slab Finishing,Overtime,P/OT,8,3,150,450,No,Safety Helmet; Safety Shoes; High-Visibility Vest; Task-Specific Gloves,500000,Toolbox Talk / Site Safety Induction,Skilled Worker / Labour
2026-07-26,W-039,Worker 39,Concrete Work,Slab Finishing,Overtime,H,0,0,0,0,Yes,Safety Helmet; Safety Shoes; High-Visibility Vest; Task-Specific Gloves,500000,Toolbox Talk / Site Safety Induction,Skilled Worker / Labour
2026-07-27,W-039,Worker 39,Concrete Work,Slab Finishing,Overtime,P/OT,8,3,150,450,No,Safety Helmet; Safety Shoes; High-Visibility Vest; Task-Specific Gloves,500000,Toolbox Talk / Site Safety Induction,Skilled Worker / Labour
2026-07-28,W-039,Worker 39,Concrete Work,Slab Finishing,Overtime,P/OT,8,3,150,450,No,Safety Helmet; Safety Shoes; High-Visibility Vest; Task-Specific Gloves,500000,Toolbox Talk / Site Safety Induction,Skilled Worker / Labour
2026-07-29,W-039,Worker 39,Concrete Work,Slab Finishing,Overtime,P/OT,8,3,150,450,No,Safety Helmet; Safety Shoes; High-Visibility Vest; Task-Specific Gloves,500000,Toolbox Talk / Site Safety Induction,Skilled Worker / Labour
2026-07-30,W-039,Worker 39,Concrete Work,Slab Finishing,Overtime,P/OT,8,3,150,450,No,Safety Helmet; Safety Shoes; High-Visibility Vest; Task-Specific Gloves,500000,Toolbox Talk / Site Safety Induction,Skilled Worker / Labour
2026-07-01,W-040,Worker 40,Electrical Work,Conduit Installation,Overtime,P/OT,8,3,150,450,No,Safety Helmet; Safety Shoes; High-Visibility Vest; Task-Specific Gloves,500000,Toolbox Talk / Site Safety Induction,Skilled Worker / Labour
2026-07-02,W-040,Worker 40,Electrical Work,Conduit Installation,Overtime,P/OT,8,3,150,450,No,Safety Helmet; Safety Shoes; High-Visibility Vest; Task-Specific Gloves,500000,Toolbox Talk / Site Safety Induction,Skilled Worker / Labour
2026-07-03,W-040,Worker 40,Electrical Work,Conduit Installation,Overtime,P/OT,8,3,150,450,No,Safety Helmet; Safety Shoes; High-Visibility Vest; Task-Specific Gloves,500000,Toolbox Talk / Site Safety Induction,Skilled Worker / Labour
2026-07-04,W-040,Worker 40,Electrical Work,Conduit Installation,Overtime,P/OT,8,3,150,450,No,Safety Helmet; Safety Shoes; High-Visibility Vest; Task-Specific Gloves,500000,Toolbox Talk / Site Safety Induction,Skilled Worker / Labour
2026-07-05,W-040,Worker 40,Electrical Work,Conduit Installation,Overtime,H,0,0,0,0,Yes,Safety Helmet; Safety Shoes; High-Visibility Vest; Task-Specific Gloves,500000,Toolbox Talk / Site Safety Induction,Skilled Worker / Labour
2026-07-06,W-040,Worker 40,Electrical Work,Conduit Installation,Overtime,P/OT,8,3,150,450,No,Safety Helmet; Safety Shoes; High-Visibility Vest; Task-Specific Gloves,500000,Toolbox Talk / Site Safety Induction,Skilled Worker / Labour
2026-07-07,W-040,Worker 40,Electrical Work,Conduit Installation,Overtime,P/OT,8,3,150,450,No,Safety Helmet; Safety Shoes; High-Visibility Vest; Task-Specific Gloves,500000,Toolbox Talk / Site Safety Induction,Skilled Worker / Labour
2026-07-08,W-040,Worker 40,Electrical Work,Conduit Installation,Overtime,P/OT,8,3,150,450,No,Safety Helmet; Safety Shoes; High-Visibility Vest; Task-Specific Gloves,500000,Toolbox Talk / Site Safety Induction,Skilled Worker / Labour
2026-07-09,W-040,Worker 40,Electrical Work,Conduit Installation,Overtime,P/OT,8,3,150,450,No,Safety Helmet; Safety Shoes; High-Visibility Vest; Task-Specific Gloves,500000,Toolbox Talk / Site Safety Induction,Skilled Worker / Labour
2026-07-10,W-040,Worker 40,Electrical Work,Conduit Installation,Overtime,P/OT,8,3,150,450,No,Safety Helmet; Safety Shoes; High-Visibility Vest; Task-Specific Gloves,500000,Toolbox Talk / Site Safety Induction,Skilled Worker / Labour
2026-07-11,W-040,Worker 40,Electrical Work,Conduit Installation,Overtime,P/OT,8,3,150,450,No,Safety Helmet; Safety Shoes; High-Visibility Vest; Task-Specific Gloves,500000,Toolbox Talk / Site Safety Induction,Skilled Worker / Labour
2026-07-12,W-040,Worker 40,Electrical Work,Conduit Installation,Overtime,H,0,0,0,0,Yes,Safety Helmet; Safety Shoes; High-Visibility Vest; Task-Specific Gloves,500000,Toolbox Talk / Site Safety Induction,Skilled Worker / Labour
2026-07-13,W-040,Worker 40,Electrical Work,Conduit Installation,Overtime,P/OT,8,3,150,450,No,Safety Helmet; Safety Shoes; High-Visibility Vest; Task-Specific Gloves,500000,Toolbox Talk / Site Safety Induction,Skilled Worker / Labour
2026-07-14,W-040,Worker 40,Electrical Work,Conduit Installation,Overtime,P/OT,8,3,150,450,No,Safety Helmet; Safety Shoes; High-Visibility Vest; Task-Specific Gloves,500000,Toolbox Talk / Site Safety Induction,Skilled Worker / Labour
2026-07-15,W-040,Worker 40,Electrical Work,Conduit Installation,Overtime,P/OT,8,3,150,450,No,Safety Helmet; Safety Shoes; High-Visibility Vest; Task-Specific Gloves,500000,Toolbox Talk / Site Safety Induction,Skilled Worker / Labour
2026-07-16,W-040,Worker 40,Electrical Work,Conduit Installation,Overtime,P/OT,8,3,150,450,No,Safety Helmet; Safety Shoes; High-Visibility Vest; Task-Specific Gloves,500000,Toolbox Talk / Site Safety Induction,Skilled Worker / Labour
2026-07-17,W-040,Worker 40,Electrical Work,Conduit Installation,Overtime,P/OT,8,3,150,450,No,Safety Helmet; Safety Shoes; High-Visibility Vest; Task-Specific Gloves,500000,Toolbox Talk / Site Safety Induction,Skilled Worker / Labour
2026-07-18,W-040,Worker 40,Electrical Work,Conduit Installation,Overtime,P/OT,8,3,150,450,No,Safety Helmet; Safety Shoes; High-Visibility Vest; Task-Specific Gloves,500000,Toolbox Talk / Site Safety Induction,Skilled Worker / Labour
2026-07-19,W-040,Worker 40,Electrical Work,Conduit Installation,Overtime,H,0,0,0,0,Yes,Safety Helmet; Safety Shoes; High-Visibility Vest; Task-Specific Gloves,500000,Toolbox Talk / Site Safety Induction,Skilled Worker / Labour
2026-07-20,W-040,Worker 40,Electrical Work,Conduit Installation,Overtime,P/OT,8,3,150,450,No,Safety Helmet; Safety Shoes; High-Visibility Vest; Task-Specific Gloves,500000,Toolbox Talk / Site Safety Induction,Skilled Worker / Labour
2026-07-21,W-040,Worker 40,Electrical Work,Conduit Installation,Overtime,P/OT,8,3,150,450,No,Safety Helmet; Safety Shoes; High-Visibility Vest; Task-Specific Gloves,500000,Toolbox Talk / Site Safety Induction,Skilled Worker / Labour
2026-07-22,W-040,Worker 40,Electrical Work,Conduit Installation,Overtime,P/OT,8,3,150,450,No,Safety Helmet; Safety Shoes; High-Visibility Vest; Task-Specific Gloves,500000,Toolbox Talk / Site Safety Induction,Skilled Worker / Labour
2026-07-23,W-040,Worker 40,Electrical Work,Conduit Installation,Overtime,P/OT,8,3,150,450,No,Safety Helmet; Safety Shoes; High-Visibility Vest; Task-Specific Gloves,500000,Toolbox Talk / Site Safety Induction,Skilled Worker / Labour
2026-07-24,W-040,Worker 40,Electrical Work,Conduit Installation,Overtime,P/OT,8,3,150,450,No,Safety Helmet; Safety Shoes; High-Visibility Vest; Task-Specific Gloves,500000,Toolbox Talk / Site Safety Induction,Skilled Worker / Labour
2026-07-25,W-040,Worker 40,Electrical Work,Conduit Installation,Overtime,P/OT,8,3,150,450,No,Safety Helmet; Safety Shoes; High-Visibility Vest; Task-Specific Gloves,500000,Toolbox Talk / Site Safety Induction,Skilled Worker / Labour
2026-07-26,W-040,Worker 40,Electrical Work,Conduit Installation,Overtime,H,0,0,0,0,Yes,Safety Helmet; Safety Shoes; High-Visibility Vest; Task-Specific Gloves,500000,Toolbox Talk / Site Safety Induction,Skilled Worker / Labour
2026-07-27,W-040,Worker 40,Electrical Work,Conduit Installation,Overtime,P/OT,8,3,150,450,No,Safety Helmet; Safety Shoes; High-Visibility Vest; Task-Specific Gloves,500000,Toolbox Talk / Site Safety Induction,Skilled Worker / Labour
2026-07-28,W-040,Worker 40,Electrical Work,Conduit Installation,Overtime,P/OT,8,3,150,450,No,Safety Helmet; Safety Shoes; High-Visibility Vest; Task-Specific Gloves,500000,Toolbox Talk / Site Safety Induction,Skilled Worker / Labour
2026-07-29,W-040,Worker 40,Electrical Work,Conduit Installation,Overtime,P/OT,8,3,150,450,No,Safety Helmet; Safety Shoes; High-Visibility Vest; Task-Specific Gloves,500000,Toolbox Talk / Site Safety Induction,Skilled Worker / Labour
2026-07-30,W-040,Worker 40,Electrical Work,Conduit Installation,Overtime,P/OT,8,3,150,450,No,Safety Helmet; Safety Shoes; High-Visibility Vest; Task-Specific Gloves,500000,Toolbox Talk / Site Safety Induction,Skilled Worker / Labour
2026-07-01,W-041,Worker 41,Plumbing,Pipe Installation,Overtime,P/OT,8,3,150,450,No,Safety Helmet; Safety Shoes; High-Visibility Vest; Task-Specific Gloves,500000,Toolbox Talk / Site Safety Induction,Skilled Worker / Labour
2026-07-02,W-041,Worker 41,Plumbing,Pipe Installation,Overtime,P/OT,8,3,150,450,No,Safety Helmet; Safety Shoes; High-Visibility Vest; Task-Specific Gloves,500000,Toolbox Talk / Site Safety Induction,Skilled Worker / Labour
2026-07-03,W-041,Worker 41,Plumbing,Pipe Installation,Overtime,P/OT,8,3,150,450,No,Safety Helmet; Safety Shoes; High-Visibility Vest; Task-Specific Gloves,500000,Toolbox Talk / Site Safety Induction,Skilled Worker / Labour
2026-07-04,W-041,Worker 41,Plumbing,Pipe Installation,Overtime,P/OT,8,3,150,450,No,Safety Helmet; Safety Shoes; High-Visibility Vest; Task-Specific Gloves,500000,Toolbox Talk / Site Safety Induction,Skilled Worker / Labour
2026-07-05,W-041,Worker 41,Plumbing,Pipe Installation,Overtime,H,0,0,0,0,Yes,Safety Helmet; Safety Shoes; High-Visibility Vest; Task-Specific Gloves,500000,Toolbox Talk / Site Safety Induction,Skilled Worker / Labour
2026-07-06,W-041,Worker 41,Plumbing,Pipe Installation,Overtime,P/OT,8,3,150,450,No,Safety Helmet; Safety Shoes; High-Visibility Vest; Task-Specific Gloves,500000,Toolbox Talk / Site Safety Induction,Skilled Worker / Labour
2026-07-07,W-041,Worker 41,Plumbing,Pipe Installation,Overtime,P/OT,8,3,150,450,No,Safety Helmet; Safety Shoes; High-Visibility Vest; Task-Specific Gloves,500000,Toolbox Talk / Site Safety Induction,Skilled Worker / Labour
2026-07-08,W-041,Worker 41,Plumbing,Pipe Installation,Overtime,P/OT,8,3,150,450,No,Safety Helmet; Safety Shoes; High-Visibility Vest; Task-Specific Gloves,500000,Toolbox Talk / Site Safety Induction,Skilled Worker / Labour
2026-07-09,W-041,Worker 41,Plumbing,Pipe Installation,Overtime,P/OT,8,3,150,450,No,Safety Helmet; Safety Shoes; High-Visibility Vest; Task-Specific Gloves,500000,Toolbox Talk / Site Safety Induction,Skilled Worker / Labour
2026-07-10,W-041,Worker 41,Plumbing,Pipe Installation,Overtime,P/OT,8,3,150,450,No,Safety Helmet; Safety Shoes; High-Visibility Vest; Task-Specific Gloves,500000,Toolbox Talk / Site Safety Induction,Skilled Worker / Labour
2026-07-11,W-041,Worker 41,Plumbing,Pipe Installation,Overtime,P/OT,8,3,150,450,No,Safety Helmet; Safety Shoes; High-Visibility Vest; Task-Specific Gloves,500000,Toolbox Talk / Site Safety Induction,Skilled Worker / Labour
2026-07-12,W-041,Worker 41,Plumbing,Pipe Installation,Overtime,H,0,0,0,0,Yes,Safety Helmet; Safety Shoes; High-Visibility Vest; Task-Specific Gloves,500000,Toolbox Talk / Site Safety Induction,Skilled Worker / Labour
2026-07-13,W-041,Worker 41,Plumbing,Pipe Installation,Overtime,P/OT,8,3,150,450,No,Safety Helmet; Safety Shoes; High-Visibility Vest; Task-Specific Gloves,500000,Toolbox Talk / Site Safety Induction,Skilled Worker / Labour
2026-07-14,W-041,Worker 41,Plumbing,Pipe Installation,Overtime,P/OT,8,3,150,450,No,Safety Helmet; Safety Shoes; High-Visibility Vest; Task-Specific Gloves,500000,Toolbox Talk / Site Safety Induction,Skilled Worker / Labour
2026-07-15,W-041,Worker 41,Plumbing,Pipe Installation,Overtime,P/OT,8,3,150,450,No,Safety Helmet; Safety Shoes; High-Visibility Vest; Task-Specific Gloves,500000,Toolbox Talk / Site Safety Induction,Skilled Worker / Labour
2026-07-16,W-041,Worker 41,Plumbing,Pipe Installation,Overtime,P/OT,8,3,150,450,No,Safety Helmet; Safety Shoes; High-Visibility Vest; Task-Specific Gloves,500000,Toolbox Talk / Site Safety Induction,Skilled Worker / Labour
2026-07-17,W-041,Worker 41,Plumbing,Pipe Installation,Overtime,P/OT,8,3,150,450,No,Safety Helmet; Safety Shoes; High-Visibility Vest; Task-Specific Gloves,500000,Toolbox Talk / Site Safety Induction,Skilled Worker / Labour
2026-07-18,W-041,Worker 41,Plumbing,Pipe Installation,Overtime,A,0,0,0,0,No,Safety Helmet; Safety Shoes; High-Visibility Vest; Task-Specific Gloves,500000,Toolbox Talk / Site Safety Induction,Skilled Worker / Labour
2026-07-19,W-041,Worker 41,Plumbing,Pipe Installation,Overtime,H,0,0,0,0,Yes,Safety Helmet; Safety Shoes; High-Visibility Vest; Task-Specific Gloves,500000,Toolbox Talk / Site Safety Induction,Skilled Worker / Labour
2026-07-20,W-041,Worker 41,Plumbing,Pipe Installation,Overtime,P/OT,8,3,150,450,No,Safety Helmet; Safety Shoes; High-Visibility Vest; Task-Specific Gloves,500000,Toolbox Talk / Site Safety Induction,Skilled Worker / Labour
2026-07-21,W-041,Worker 41,Plumbing,Pipe Installation,Overtime,P/OT,8,3,150,450,No,Safety Helmet; Safety Shoes; High-Visibility Vest; Task-Specific Gloves,500000,Toolbox Talk / Site Safety Induction,Skilled Worker / Labour
2026-07-22,W-041,Worker 41,Plumbing,Pipe Installation,Overtime,P/OT,8,3,150,450,No,Safety Helmet; Safety Shoes; High-Visibility Vest; Task-Specific Gloves,500000,Toolbox Talk / Site Safety Induction,Skilled Worker / Labour
2026-07-23,W-041,Worker 41,Plumbing,Pipe Installation,Overtime,P/OT,8,3,150,450,No,Safety Helmet; Safety Shoes; High-Visibility Vest; Task-Specific Gloves,500000,Toolbox Talk / Site Safety Induction,Skilled Worker / Labour
2026-07-24,W-041,Worker 41,Plumbing,Pipe Installation,Overtime,P/OT,8,3,150,450,No,Safety Helmet; Safety Shoes; High-Visibility Vest; Task-Specific Gloves,500000,Toolbox Talk / Site Safety Induction,Skilled Worker / Labour
2026-07-25,W-041,Worker 41,Plumbing,Pipe Installation,Overtime,P/OT,8,3,150,450,No,Safety Helmet; Safety Shoes; High-Visibility Vest; Task-Specific Gloves,500000,Toolbox Talk / Site Safety Induction,Skilled Worker / Labour
2026-07-26,W-041,Worker 41,Plumbing,Pipe Installation,Overtime,H,0,0,0,0,Yes,Safety Helmet; Safety Shoes; High-Visibility Vest; Task-Specific Gloves,500000,Toolbox Talk / Site Safety Induction,Skilled Worker / Labour
2026-07-27,W-041,Worker 41,Plumbing,Pipe Installation,Overtime,P/OT,8,3,150,450,No,Safety Helmet; Safety Shoes; High-Visibility Vest; Task-Specific Gloves,500000,Toolbox Talk / Site Safety Induction,Skilled Worker / Labour
2026-07-28,W-041,Worker 41,Plumbing,Pipe Installation,Overtime,P/OT,8,3,150,450,No,Safety Helmet; Safety Shoes; High-Visibility Vest; Task-Specific Gloves,500000,Toolbox Talk / Site Safety Induction,Skilled Worker / Labour
2026-07-29,W-041,Worker 41,Plumbing,Pipe Installation,Overtime,P/OT,8,3,150,450,No,Safety Helmet; Safety Shoes; High-Visibility Vest; Task-Specific Gloves,500000,Toolbox Talk / Site Safety Induction,Skilled Worker / Labour
2026-07-30,W-041,Worker 41,Plumbing,Pipe Installation,Overtime,P/OT,8,3,150,450,No,Safety Helmet; Safety Shoes; High-Visibility Vest; Task-Specific Gloves,500000,Toolbox Talk / Site Safety Induction,Skilled Worker / Labour
2026-07-01,W-042,Worker 42,Plumbing,Drainage Work,Overtime,P/OT,8,3,150,450,No,Safety Helmet; Safety Shoes; High-Visibility Vest; Task-Specific Gloves,500000,Toolbox Talk / Site Safety Induction,Skilled Worker / Labour
2026-07-02,W-042,Worker 42,Plumbing,Drainage Work,Overtime,P/OT,8,3,150,450,No,Safety Helmet; Safety Shoes; High-Visibility Vest; Task-Specific Gloves,500000,Toolbox Talk / Site Safety Induction,Skilled Worker / Labour
2026-07-03,W-042,Worker 42,Plumbing,Drainage Work,Overtime,P/OT,8,3,150,450,No,Safety Helmet; Safety Shoes; High-Visibility Vest; Task-Specific Gloves,500000,Toolbox Talk / Site Safety Induction,Skilled Worker / Labour
2026-07-04,W-042,Worker 42,Plumbing,Drainage Work,Overtime,P/OT,8,3,150,450,No,Safety Helmet; Safety Shoes; High-Visibility Vest; Task-Specific Gloves,500000,Toolbox Talk / Site Safety Induction,Skilled Worker / Labour
2026-07-05,W-042,Worker 42,Plumbing,Drainage Work,Overtime,H,0,0,0,0,Yes,Safety Helmet; Safety Shoes; High-Visibility Vest; Task-Specific Gloves,500000,Toolbox Talk / Site Safety Induction,Skilled Worker / Labour
2026-07-06,W-042,Worker 42,Plumbing,Drainage Work,Overtime,P/OT,8,3,150,450,No,Safety Helmet; Safety Shoes; High-Visibility Vest; Task-Specific Gloves,500000,Toolbox Talk / Site Safety Induction,Skilled Worker / Labour
2026-07-07,W-042,Worker 42,Plumbing,Drainage Work,Overtime,P/OT,8,3,150,450,No,Safety Helmet; Safety Shoes; High-Visibility Vest; Task-Specific Gloves,500000,Toolbox Talk / Site Safety Induction,Skilled Worker / Labour
2026-07-08,W-042,Worker 42,Plumbing,Drainage Work,Overtime,P/OT,8,3,150,450,No,Safety Helmet; Safety Shoes; High-Visibility Vest; Task-Specific Gloves,500000,Toolbox Talk / Site Safety Induction,Skilled Worker / Labour
2026-07-09,W-042,Worker 42,Plumbing,Drainage Work,Overtime,P/OT,8,3,150,450,No,Safety Helmet; Safety Shoes; High-Visibility Vest; Task-Specific Gloves,500000,Toolbox Talk / Site Safety Induction,Skilled Worker / Labour
2026-07-10,W-042,Worker 42,Plumbing,Drainage Work,Overtime,P/OT,8,3,150,450,No,Safety Helmet; Safety Shoes; High-Visibility Vest; Task-Specific Gloves,500000,Toolbox Talk / Site Safety Induction,Skilled Worker / Labour
2026-07-11,W-042,Worker 42,Plumbing,Drainage Work,Overtime,P/OT,8,3,150,450,No,Safety Helmet; Safety Shoes; High-Visibility Vest; Task-Specific Gloves,500000,Toolbox Talk / Site Safety Induction,Skilled Worker / Labour
2026-07-12,W-042,Worker 42,Plumbing,Drainage Work,Overtime,H,0,0,0,0,Yes,Safety Helmet; Safety Shoes; High-Visibility Vest; Task-Specific Gloves,500000,Toolbox Talk / Site Safety Induction,Skilled Worker / Labour
2026-07-13,W-042,Worker 42,Plumbing,Drainage Work,Overtime,P/OT,8,3,150,450,No,Safety Helmet; Safety Shoes; High-Visibility Vest; Task-Specific Gloves,500000,Toolbox Talk / Site Safety Induction,Skilled Worker / Labour
2026-07-14,W-042,Worker 42,Plumbing,Drainage Work,Overtime,P/OT,8,3,150,450,No,Safety Helmet; Safety Shoes; High-Visibility Vest; Task-Specific Gloves,500000,Toolbox Talk / Site Safety Induction,Skilled Worker / Labour
2026-07-15,W-042,Worker 42,Plumbing,Drainage Work,Overtime,P/OT,8,3,150,450,No,Safety Helmet; Safety Shoes; High-Visibility Vest; Task-Specific Gloves,500000,Toolbox Talk / Site Safety Induction,Skilled Worker / Labour
2026-07-16,W-042,Worker 42,Plumbing,Drainage Work,Overtime,P/OT,8,3,150,450,No,Safety Helmet; Safety Shoes; High-Visibility Vest; Task-Specific Gloves,500000,Toolbox Talk / Site Safety Induction,Skilled Worker / Labour
2026-07-17,W-042,Worker 42,Plumbing,Drainage Work,Overtime,A,0,0,0,0,No,Safety Helmet; Safety Shoes; High-Visibility Vest; Task-Specific Gloves,500000,Toolbox Talk / Site Safety Induction,Skilled Worker / Labour
2026-07-18,W-042,Worker 42,Plumbing,Drainage Work,Overtime,P/OT,8,3,150,450,No,Safety Helmet; Safety Shoes; High-Visibility Vest; Task-Specific Gloves,500000,Toolbox Talk / Site Safety Induction,Skilled Worker / Labour
2026-07-19,W-042,Worker 42,Plumbing,Drainage Work,Overtime,H,0,0,0,0,Yes,Safety Helmet; Safety Shoes; High-Visibility Vest; Task-Specific Gloves,500000,Toolbox Talk / Site Safety Induction,Skilled Worker / Labour
2026-07-20,W-042,Worker 42,Plumbing,Drainage Work,Overtime,P/OT,8,3,150,450,No,Safety Helmet; Safety Shoes; High-Visibility Vest; Task-Specific Gloves,500000,Toolbox Talk / Site Safety Induction,Skilled Worker / Labour
2026-07-21,W-042,Worker 42,Plumbing,Drainage Work,Overtime,P/OT,8,3,150,450,No,Safety Helmet; Safety Shoes; High-Visibility Vest; Task-Specific Gloves,500000,Toolbox Talk / Site Safety Induction,Skilled Worker / Labour
2026-07-22,W-042,Worker 42,Plumbing,Drainage Work,Overtime,P/OT,8,3,150,450,No,Safety Helmet; Safety Shoes; High-Visibility Vest; Task-Specific Gloves,500000,Toolbox Talk / Site Safety Induction,Skilled Worker / Labour
2026-07-23,W-042,Worker 42,Plumbing,Drainage Work,Overtime,P/OT,8,3,150,450,No,Safety Helmet; Safety Shoes; High-Visibility Vest; Task-Specific Gloves,500000,Toolbox Talk / Site Safety Induction,Skilled Worker / Labour
2026-07-24,W-042,Worker 42,Plumbing,Drainage Work,Overtime,P/OT,8,3,150,450,No,Safety Helmet; Safety Shoes; High-Visibility Vest; Task-Specific Gloves,500000,Toolbox Talk / Site Safety Induction,Skilled Worker / Labour
2026-07-25,W-042,Worker 42,Plumbing,Drainage Work,Overtime,P/OT,8,3,150,450,No,Safety Helmet; Safety Shoes; High-Visibility Vest; Task-Specific Gloves,500000,Toolbox Talk / Site Safety Induction,Skilled Worker / Labour
2026-07-26,W-042,Worker 42,Plumbing,Drainage Work,Overtime,H,0,0,0,0,Yes,Safety Helmet; Safety Shoes; High-Visibility Vest; Task-Specific Gloves,500000,Toolbox Talk / Site Safety Induction,Skilled Worker / Labour
2026-07-27,W-042,Worker 42,Plumbing,Drainage Work,Overtime,P/OT,8,3,150,450,No,Safety Helmet; Safety Shoes; High-Visibility Vest; Task-Specific Gloves,500000,Toolbox Talk / Site Safety Induction,Skilled Worker / Labour
2026-07-28,W-042,Worker 42,Plumbing,Drainage Work,Overtime,P/OT,8,3,150,450,No,Safety Helmet; Safety Shoes; High-Visibility Vest; Task-Specific Gloves,500000,Toolbox Talk / Site Safety Induction,Skilled Worker / Labour
2026-07-29,W-042,Worker 42,Plumbing,Drainage Work,Overtime,P/OT,8,3,150,450,No,Safety Helmet; Safety Shoes; High-Visibility Vest; Task-Specific Gloves,500000,Toolbox Talk / Site Safety Induction,Skilled Worker / Labour
2026-07-30,W-042,Worker 42,Plumbing,Drainage Work,Overtime,P/OT,8,3,150,450,No,Safety Helmet; Safety Shoes; High-Visibility Vest; Task-Specific Gloves,500000,Toolbox Talk / Site Safety Induction,Skilled Worker / Labour
2026-07-01,W-043,Worker 43,Equipment Operation,Excavator Operation,Overtime,P/OT,8,3,150,450,No,Safety Helmet; Safety Shoes; High-Visibility Vest; Task-Specific Gloves,500000,Toolbox Talk / Site Safety Induction,Skilled Worker / Labour
2026-07-02,W-043,Worker 43,Equipment Operation,Excavator Operation,Overtime,P/OT,8,3,150,450,No,Safety Helmet; Safety Shoes; High-Visibility Vest; Task-Specific Gloves,500000,Toolbox Talk / Site Safety Induction,Skilled Worker / Labour
2026-07-03,W-043,Worker 43,Equipment Operation,Excavator Operation,Overtime,P/OT,8,3,150,450,No,Safety Helmet; Safety Shoes; High-Visibility Vest; Task-Specific Gloves,500000,Toolbox Talk / Site Safety Induction,Skilled Worker / Labour
2026-07-04,W-043,Worker 43,Equipment Operation,Excavator Operation,Overtime,P/OT,8,3,150,450,No,Safety Helmet; Safety Shoes; High-Visibility Vest; Task-Specific Gloves,500000,Toolbox Talk / Site Safety Induction,Skilled Worker / Labour
2026-07-05,W-043,Worker 43,Equipment Operation,Excavator Operation,Overtime,H,0,0,0,0,Yes,Safety Helmet; Safety Shoes; High-Visibility Vest; Task-Specific Gloves,500000,Toolbox Talk / Site Safety Induction,Skilled Worker / Labour
2026-07-06,W-043,Worker 43,Equipment Operation,Excavator Operation,Overtime,P/OT,8,3,150,450,No,Safety Helmet; Safety Shoes; High-Visibility Vest; Task-Specific Gloves,500000,Toolbox Talk / Site Safety Induction,Skilled Worker / Labour
2026-07-07,W-043,Worker 43,Equipment Operation,Excavator Operation,Overtime,P/OT,8,3,150,450,No,Safety Helmet; Safety Shoes; High-Visibility Vest; Task-Specific Gloves,500000,Toolbox Talk / Site Safety Induction,Skilled Worker / Labour
2026-07-08,W-043,Worker 43,Equipment Operation,Excavator Operation,Overtime,P/OT,8,3,150,450,No,Safety Helmet; Safety Shoes; High-Visibility Vest; Task-Specific Gloves,500000,Toolbox Talk / Site Safety Induction,Skilled Worker / Labour
2026-07-09,W-043,Worker 43,Equipment Operation,Excavator Operation,Overtime,P/OT,8,3,150,450,No,Safety Helmet; Safety Shoes; High-Visibility Vest; Task-Specific Gloves,500000,Toolbox Talk / Site Safety Induction,Skilled Worker / Labour
2026-07-10,W-043,Worker 43,Equipment Operation,Excavator Operation,Overtime,P/OT,8,3,150,450,No,Safety Helmet; Safety Shoes; High-Visibility Vest; Task-Specific Gloves,500000,Toolbox Talk / Site Safety Induction,Skilled Worker / Labour
2026-07-11,W-043,Worker 43,Equipment Operation,Excavator Operation,Overtime,P/OT,8,3,150,450,No,Safety Helmet; Safety Shoes; High-Visibility Vest; Task-Specific Gloves,500000,Toolbox Talk / Site Safety Induction,Skilled Worker / Labour
2026-07-12,W-043,Worker 43,Equipment Operation,Excavator Operation,Overtime,H,0,0,0,0,Yes,Safety Helmet; Safety Shoes; High-Visibility Vest; Task-Specific Gloves,500000,Toolbox Talk / Site Safety Induction,Skilled Worker / Labour
2026-07-13,W-043,Worker 43,Equipment Operation,Excavator Operation,Overtime,P/OT,8,3,150,450,No,Safety Helmet; Safety Shoes; High-Visibility Vest; Task-Specific Gloves,500000,Toolbox Talk / Site Safety Induction,Skilled Worker / Labour
2026-07-14,W-043,Worker 43,Equipment Operation,Excavator Operation,Overtime,P/OT,8,3,150,450,No,Safety Helmet; Safety Shoes; High-Visibility Vest; Task-Specific Gloves,500000,Toolbox Talk / Site Safety Induction,Skilled Worker / Labour
2026-07-15,W-043,Worker 43,Equipment Operation,Excavator Operation,Overtime,P/OT,8,3,150,450,No,Safety Helmet; Safety Shoes; High-Visibility Vest; Task-Specific Gloves,500000,Toolbox Talk / Site Safety Induction,Skilled Worker / Labour
2026-07-16,W-043,Worker 43,Equipment Operation,Excavator Operation,Overtime,A,0,0,0,0,No,Safety Helmet; Safety Shoes; High-Visibility Vest; Task-Specific Gloves,500000,Toolbox Talk / Site Safety Induction,Skilled Worker / Labour
2026-07-17,W-043,Worker 43,Equipment Operation,Excavator Operation,Overtime,P/OT,8,3,150,450,No,Safety Helmet; Safety Shoes; High-Visibility Vest; Task-Specific Gloves,500000,Toolbox Talk / Site Safety Induction,Skilled Worker / Labour
2026-07-18,W-043,Worker 43,Equipment Operation,Excavator Operation,Overtime,P/OT,8,3,150,450,No,Safety Helmet; Safety Shoes; High-Visibility Vest; Task-Specific Gloves,500000,Toolbox Talk / Site Safety Induction,Skilled Worker / Labour
2026-07-19,W-043,Worker 43,Equipment Operation,Excavator Operation,Overtime,H,0,0,0,0,Yes,Safety Helmet; Safety Shoes; High-Visibility Vest; Task-Specific Gloves,500000,Toolbox Talk / Site Safety Induction,Skilled Worker / Labour
2026-07-20,W-043,Worker 43,Equipment Operation,Excavator Operation,Overtime,P/OT,8,3,150,450,No,Safety Helmet; Safety Shoes; High-Visibility Vest; Task-Specific Gloves,500000,Toolbox Talk / Site Safety Induction,Skilled Worker / Labour
2026-07-21,W-043,Worker 43,Equipment Operation,Excavator Operation,Overtime,P/OT,8,3,150,450,No,Safety Helmet; Safety Shoes; High-Visibility Vest; Task-Specific Gloves,500000,Toolbox Talk / Site Safety Induction,Skilled Worker / Labour
2026-07-22,W-043,Worker 43,Equipment Operation,Excavator Operation,Overtime,P/OT,8,3,150,450,No,Safety Helmet; Safety Shoes; High-Visibility Vest; Task-Specific Gloves,500000,Toolbox Talk / Site Safety Induction,Skilled Worker / Labour
2026-07-23,W-043,Worker 43,Equipment Operation,Excavator Operation,Overtime,P/OT,8,3,150,450,No,Safety Helmet; Safety Shoes; High-Visibility Vest; Task-Specific Gloves,500000,Toolbox Talk / Site Safety Induction,Skilled Worker / Labour
2026-07-24,W-043,Worker 43,Equipment Operation,Excavator Operation,Overtime,P/OT,8,3,150,450,No,Safety Helmet; Safety Shoes; High-Visibility Vest; Task-Specific Gloves,500000,Toolbox Talk / Site Safety Induction,Skilled Worker / Labour
2026-07-25,W-043,Worker 43,Equipment Operation,Excavator Operation,Overtime,P/OT,8,3,150,450,No,Safety Helmet; Safety Shoes; High-Visibility Vest; Task-Specific Gloves,500000,Toolbox Talk / Site Safety Induction,Skilled Worker / Labour
2026-07-26,W-043,Worker 43,Equipment Operation,Excavator Operation,Overtime,H,0,0,0,0,Yes,Safety Helmet; Safety Shoes; High-Visibility Vest; Task-Specific Gloves,500000,Toolbox Talk / Site Safety Induction,Skilled Worker / Labour
2026-07-27,W-043,Worker 43,Equipment Operation,Excavator Operation,Overtime,P/OT,8,3,150,450,No,Safety Helmet; Safety Shoes; High-Visibility Vest; Task-Specific Gloves,500000,Toolbox Talk / Site Safety Induction,Skilled Worker / Labour
2026-07-28,W-043,Worker 43,Equipment Operation,Excavator Operation,Overtime,P/OT,8,3,150,450,No,Safety Helmet; Safety Shoes; High-Visibility Vest; Task-Specific Gloves,500000,Toolbox Talk / Site Safety Induction,Skilled Worker / Labour
2026-07-29,W-043,Worker 43,Equipment Operation,Excavator Operation,Overtime,P/OT,8,3,150,450,No,Safety Helmet; Safety Shoes; High-Visibility Vest; Task-Specific Gloves,500000,Toolbox Talk / Site Safety Induction,Skilled Worker / Labour
2026-07-30,W-043,Worker 43,Equipment Operation,Excavator Operation,Overtime,P/OT,8,3,150,450,No,Safety Helmet; Safety Shoes; High-Visibility Vest; Task-Specific Gloves,500000,Toolbox Talk / Site Safety Induction,Skilled Worker / Labour
2026-07-01,W-044,Worker 44,Equipment Operation,Concrete Pump Operation,Overtime,P/OT,8,3,150,450,No,Safety Helmet; Safety Shoes; High-Visibility Vest; Task-Specific Gloves,500000,Toolbox Talk / Site Safety Induction,Skilled Worker / Labour
2026-07-02,W-044,Worker 44,Equipment Operation,Concrete Pump Operation,Overtime,P/OT,8,3,150,450,No,Safety Helmet; Safety Shoes; High-Visibility Vest; Task-Specific Gloves,500000,Toolbox Talk / Site Safety Induction,Skilled Worker / Labour
2026-07-03,W-044,Worker 44,Equipment Operation,Concrete Pump Operation,Overtime,P/OT,8,3,150,450,No,Safety Helmet; Safety Shoes; High-Visibility Vest; Task-Specific Gloves,500000,Toolbox Talk / Site Safety Induction,Skilled Worker / Labour
2026-07-04,W-044,Worker 44,Equipment Operation,Concrete Pump Operation,Overtime,P/OT,8,3,150,450,No,Safety Helmet; Safety Shoes; High-Visibility Vest; Task-Specific Gloves,500000,Toolbox Talk / Site Safety Induction,Skilled Worker / Labour
2026-07-05,W-044,Worker 44,Equipment Operation,Concrete Pump Operation,Overtime,H,0,0,0,0,Yes,Safety Helmet; Safety Shoes; High-Visibility Vest; Task-Specific Gloves,500000,Toolbox Talk / Site Safety Induction,Skilled Worker / Labour
2026-07-06,W-044,Worker 44,Equipment Operation,Concrete Pump Operation,Overtime,P/OT,8,3,150,450,No,Safety Helmet; Safety Shoes; High-Visibility Vest; Task-Specific Gloves,500000,Toolbox Talk / Site Safety Induction,Skilled Worker / Labour
2026-07-07,W-044,Worker 44,Equipment Operation,Concrete Pump Operation,Overtime,P/OT,8,3,150,450,No,Safety Helmet; Safety Shoes; High-Visibility Vest; Task-Specific Gloves,500000,Toolbox Talk / Site Safety Induction,Skilled Worker / Labour
2026-07-08,W-044,Worker 44,Equipment Operation,Concrete Pump Operation,Overtime,P/OT,8,3,150,450,No,Safety Helmet; Safety Shoes; High-Visibility Vest; Task-Specific Gloves,500000,Toolbox Talk / Site Safety Induction,Skilled Worker / Labour
2026-07-09,W-044,Worker 44,Equipment Operation,Concrete Pump Operation,Overtime,P/OT,8,3,150,450,No,Safety Helmet; Safety Shoes; High-Visibility Vest; Task-Specific Gloves,500000,Toolbox Talk / Site Safety Induction,Skilled Worker / Labour
2026-07-10,W-044,Worker 44,Equipment Operation,Concrete Pump Operation,Overtime,P/OT,8,3,150,450,No,Safety Helmet; Safety Shoes; High-Visibility Vest; Task-Specific Gloves,500000,Toolbox Talk / Site Safety Induction,Skilled Worker / Labour
2026-07-11,W-044,Worker 44,Equipment Operation,Concrete Pump Operation,Overtime,P/OT,8,3,150,450,No,Safety Helmet; Safety Shoes; High-Visibility Vest; Task-Specific Gloves,500000,Toolbox Talk / Site Safety Induction,Skilled Worker / Labour
2026-07-12,W-044,Worker 44,Equipment Operation,Concrete Pump Operation,Overtime,H,0,0,0,0,Yes,Safety Helmet; Safety Shoes; High-Visibility Vest; Task-Specific Gloves,500000,Toolbox Talk / Site Safety Induction,Skilled Worker / Labour
2026-07-13,W-044,Worker 44,Equipment Operation,Concrete Pump Operation,Overtime,P/OT,8,3,150,450,No,Safety Helmet; Safety Shoes; High-Visibility Vest; Task-Specific Gloves,500000,Toolbox Talk / Site Safety Induction,Skilled Worker / Labour
2026-07-14,W-044,Worker 44,Equipment Operation,Concrete Pump Operation,Overtime,P/OT,8,3,150,450,No,Safety Helmet; Safety Shoes; High-Visibility Vest; Task-Specific Gloves,500000,Toolbox Talk / Site Safety Induction,Skilled Worker / Labour
2026-07-15,W-044,Worker 44,Equipment Operation,Concrete Pump Operation,Overtime,A,0,0,0,0,No,Safety Helmet; Safety Shoes; High-Visibility Vest; Task-Specific Gloves,500000,Toolbox Talk / Site Safety Induction,Skilled Worker / Labour
2026-07-16,W-044,Worker 44,Equipment Operation,Concrete Pump Operation,Overtime,P/OT,8,3,150,450,No,Safety Helmet; Safety Shoes; High-Visibility Vest; Task-Specific Gloves,500000,Toolbox Talk / Site Safety Induction,Skilled Worker / Labour
2026-07-17,W-044,Worker 44,Equipment Operation,Concrete Pump Operation,Overtime,P/OT,8,3,150,450,No,Safety Helmet; Safety Shoes; High-Visibility Vest; Task-Specific Gloves,500000,Toolbox Talk / Site Safety Induction,Skilled Worker / Labour
2026-07-18,W-044,Worker 44,Equipment Operation,Concrete Pump Operation,Overtime,P/OT,8,3,150,450,No,Safety Helmet; Safety Shoes; High-Visibility Vest; Task-Specific Gloves,500000,Toolbox Talk / Site Safety Induction,Skilled Worker / Labour
2026-07-19,W-044,Worker 44,Equipment Operation,Concrete Pump Operation,Overtime,H,0,0,0,0,Yes,Safety Helmet; Safety Shoes; High-Visibility Vest; Task-Specific Gloves,500000,Toolbox Talk / Site Safety Induction,Skilled Worker / Labour
2026-07-20,W-044,Worker 44,Equipment Operation,Concrete Pump Operation,Overtime,P/OT,8,3,150,450,No,Safety Helmet; Safety Shoes; High-Visibility Vest; Task-Specific Gloves,500000,Toolbox Talk / Site Safety Induction,Skilled Worker / Labour
2026-07-21,W-044,Worker 44,Equipment Operation,Concrete Pump Operation,Overtime,P/OT,8,3,150,450,No,Safety Helmet; Safety Shoes; High-Visibility Vest; Task-Specific Gloves,500000,Toolbox Talk / Site Safety Induction,Skilled Worker / Labour
2026-07-22,W-044,Worker 44,Equipment Operation,Concrete Pump Operation,Overtime,P/OT,8,3,150,450,No,Safety Helmet; Safety Shoes; High-Visibility Vest; Task-Specific Gloves,500000,Toolbox Talk / Site Safety Induction,Skilled Worker / Labour
2026-07-23,W-044,Worker 44,Equipment Operation,Concrete Pump Operation,Overtime,P/OT,8,3,150,450,No,Safety Helmet; Safety Shoes; High-Visibility Vest; Task-Specific Gloves,500000,Toolbox Talk / Site Safety Induction,Skilled Worker / Labour
2026-07-24,W-044,Worker 44,Equipment Operation,Concrete Pump Operation,Overtime,P/OT,8,3,150,450,No,Safety Helmet; Safety Shoes; High-Visibility Vest; Task-Specific Gloves,500000,Toolbox Talk / Site Safety Induction,Skilled Worker / Labour
2026-07-25,W-044,Worker 44,Equipment Operation,Concrete Pump Operation,Overtime,P/OT,8,3,150,450,No,Safety Helmet; Safety Shoes; High-Visibility Vest; Task-Specific Gloves,500000,Toolbox Talk / Site Safety Induction,Skilled Worker / Labour
2026-07-26,W-044,Worker 44,Equipment Operation,Concrete Pump Operation,Overtime,H,0,0,0,0,Yes,Safety Helmet; Safety Shoes; High-Visibility Vest; Task-Specific Gloves,500000,Toolbox Talk / Site Safety Induction,Skilled Worker / Labour
2026-07-27,W-044,Worker 44,Equipment Operation,Concrete Pump Operation,Overtime,P/OT,8,3,150,450,No,Safety Helmet; Safety Shoes; High-Visibility Vest; Task-Specific Gloves,500000,Toolbox Talk / Site Safety Induction,Skilled Worker / Labour
2026-07-28,W-044,Worker 44,Equipment Operation,Concrete Pump Operation,Overtime,P/OT,8,3,150,450,No,Safety Helmet; Safety Shoes; High-Visibility Vest; Task-Specific Gloves,500000,Toolbox Talk / Site Safety Induction,Skilled Worker / Labour
2026-07-29,W-044,Worker 44,Equipment Operation,Concrete Pump Operation,Overtime,P/OT,8,3,150,450,No,Safety Helmet; Safety Shoes; High-Visibility Vest; Task-Specific Gloves,500000,Toolbox Talk / Site Safety Induction,Skilled Worker / Labour
2026-07-30,W-044,Worker 44,Equipment Operation,Concrete Pump Operation,Overtime,P/OT,8,3,150,450,No,Safety Helmet; Safety Shoes; High-Visibility Vest; Task-Specific Gloves,500000,Toolbox Talk / Site Safety Induction,Skilled Worker / Labour
2026-07-01,W-045,Worker 45,General Labour,Material Handling,Overtime,P/OT,8,3,150,450,No,Safety Helmet; Safety Shoes; High-Visibility Vest; Task-Specific Gloves,500000,Toolbox Talk / Site Safety Induction,Skilled Worker / Labour
2026-07-02,W-045,Worker 45,General Labour,Material Handling,Overtime,P/OT,8,3,150,450,No,Safety Helmet; Safety Shoes; High-Visibility Vest; Task-Specific Gloves,500000,Toolbox Talk / Site Safety Induction,Skilled Worker / Labour
2026-07-03,W-045,Worker 45,General Labour,Material Handling,Overtime,P/OT,8,3,150,450,No,Safety Helmet; Safety Shoes; High-Visibility Vest; Task-Specific Gloves,500000,Toolbox Talk / Site Safety Induction,Skilled Worker / Labour
2026-07-04,W-045,Worker 45,General Labour,Material Handling,Overtime,P/OT,8,3,150,450,No,Safety Helmet; Safety Shoes; High-Visibility Vest; Task-Specific Gloves,500000,Toolbox Talk / Site Safety Induction,Skilled Worker / Labour
2026-07-05,W-045,Worker 45,General Labour,Material Handling,Overtime,H,0,0,0,0,Yes,Safety Helmet; Safety Shoes; High-Visibility Vest; Task-Specific Gloves,500000,Toolbox Talk / Site Safety Induction,Skilled Worker / Labour
2026-07-06,W-045,Worker 45,General Labour,Material Handling,Overtime,P/OT,8,3,150,450,No,Safety Helmet; Safety Shoes; High-Visibility Vest; Task-Specific Gloves,500000,Toolbox Talk / Site Safety Induction,Skilled Worker / Labour
2026-07-07,W-045,Worker 45,General Labour,Material Handling,Overtime,P/OT,8,3,150,450,No,Safety Helmet; Safety Shoes; High-Visibility Vest; Task-Specific Gloves,500000,Toolbox Talk / Site Safety Induction,Skilled Worker / Labour
2026-07-08,W-045,Worker 45,General Labour,Material Handling,Overtime,P/OT,8,3,150,450,No,Safety Helmet; Safety Shoes; High-Visibility Vest; Task-Specific Gloves,500000,Toolbox Talk / Site Safety Induction,Skilled Worker / Labour
2026-07-09,W-045,Worker 45,General Labour,Material Handling,Overtime,P/OT,8,3,150,450,No,Safety Helmet; Safety Shoes; High-Visibility Vest; Task-Specific Gloves,500000,Toolbox Talk / Site Safety Induction,Skilled Worker / Labour
2026-07-10,W-045,Worker 45,General Labour,Material Handling,Overtime,P/OT,8,3,150,450,No,Safety Helmet; Safety Shoes; High-Visibility Vest; Task-Specific Gloves,500000,Toolbox Talk / Site Safety Induction,Skilled Worker / Labour
2026-07-11,W-045,Worker 45,General Labour,Material Handling,Overtime,P/OT,8,3,150,450,No,Safety Helmet; Safety Shoes; High-Visibility Vest; Task-Specific Gloves,500000,Toolbox Talk / Site Safety Induction,Skilled Worker / Labour
2026-07-12,W-045,Worker 45,General Labour,Material Handling,Overtime,H,0,0,0,0,Yes,Safety Helmet; Safety Shoes; High-Visibility Vest; Task-Specific Gloves,500000,Toolbox Talk / Site Safety Induction,Skilled Worker / Labour
2026-07-13,W-045,Worker 45,General Labour,Material Handling,Overtime,P/OT,8,3,150,450,No,Safety Helmet; Safety Shoes; High-Visibility Vest; Task-Specific Gloves,500000,Toolbox Talk / Site Safety Induction,Skilled Worker / Labour
2026-07-14,W-045,Worker 45,General Labour,Material Handling,Overtime,A,0,0,0,0,No,Safety Helmet; Safety Shoes; High-Visibility Vest; Task-Specific Gloves,500000,Toolbox Talk / Site Safety Induction,Skilled Worker / Labour
2026-07-15,W-045,Worker 45,General Labour,Material Handling,Overtime,P/OT,8,3,150,450,No,Safety Helmet; Safety Shoes; High-Visibility Vest; Task-Specific Gloves,500000,Toolbox Talk / Site Safety Induction,Skilled Worker / Labour
2026-07-16,W-045,Worker 45,General Labour,Material Handling,Overtime,P/OT,8,3,150,450,No,Safety Helmet; Safety Shoes; High-Visibility Vest; Task-Specific Gloves,500000,Toolbox Talk / Site Safety Induction,Skilled Worker / Labour
2026-07-17,W-045,Worker 45,General Labour,Material Handling,Overtime,P/OT,8,3,150,450,No,Safety Helmet; Safety Shoes; High-Visibility Vest; Task-Specific Gloves,500000,Toolbox Talk / Site Safety Induction,Skilled Worker / Labour
2026-07-18,W-045,Worker 45,General Labour,Material Handling,Overtime,P/OT,8,3,150,450,No,Safety Helmet; Safety Shoes; High-Visibility Vest; Task-Specific Gloves,500000,Toolbox Talk / Site Safety Induction,Skilled Worker / Labour
2026-07-19,W-045,Worker 45,General Labour,Material Handling,Overtime,H,0,0,0,0,Yes,Safety Helmet; Safety Shoes; High-Visibility Vest; Task-Specific Gloves,500000,Toolbox Talk / Site Safety Induction,Skilled Worker / Labour
2026-07-20,W-045,Worker 45,General Labour,Material Handling,Overtime,P/OT,8,3,150,450,No,Safety Helmet; Safety Shoes; High-Visibility Vest; Task-Specific Gloves,500000,Toolbox Talk / Site Safety Induction,Skilled Worker / Labour
2026-07-21,W-045,Worker 45,General Labour,Material Handling,Overtime,P/OT,8,3,150,450,No,Safety Helmet; Safety Shoes; High-Visibility Vest; Task-Specific Gloves,500000,Toolbox Talk / Site Safety Induction,Skilled Worker / Labour
2026-07-22,W-045,Worker 45,General Labour,Material Handling,Overtime,P/OT,8,3,150,450,No,Safety Helmet; Safety Shoes; High-Visibility Vest; Task-Specific Gloves,500000,Toolbox Talk / Site Safety Induction,Skilled Worker / Labour
2026-07-23,W-045,Worker 45,General Labour,Material Handling,Overtime,P/OT,8,3,150,450,No,Safety Helmet; Safety Shoes; High-Visibility Vest; Task-Specific Gloves,500000,Toolbox Talk / Site Safety Induction,Skilled Worker / Labour
2026-07-24,W-045,Worker 45,General Labour,Material Handling,Overtime,P/OT,8,3,150,450,No,Safety Helmet; Safety Shoes; High-Visibility Vest; Task-Specific Gloves,500000,Toolbox Talk / Site Safety Induction,Skilled Worker / Labour
2026-07-25,W-045,Worker 45,General Labour,Material Handling,Overtime,P/OT,8,3,150,450,No,Safety Helmet; Safety Shoes; High-Visibility Vest; Task-Specific Gloves,500000,Toolbox Talk / Site Safety Induction,Skilled Worker / Labour
2026-07-26,W-045,Worker 45,General Labour,Material Handling,Overtime,H,0,0,0,0,Yes,Safety Helmet; Safety Shoes; High-Visibility Vest; Task-Specific Gloves,500000,Toolbox Talk / Site Safety Induction,Skilled Worker / Labour
2026-07-27,W-045,Worker 45,General Labour,Material Handling,Overtime,P/OT,8,3,150,450,No,Safety Helmet; Safety Shoes; High-Visibility Vest; Task-Specific Gloves,500000,Toolbox Talk / Site Safety Induction,Skilled Worker / Labour
2026-07-28,W-045,Worker 45,General Labour,Material Handling,Overtime,P/OT,8,3,150,450,No,Safety Helmet; Safety Shoes; High-Visibility Vest; Task-Specific Gloves,500000,Toolbox Talk / Site Safety Induction,Skilled Worker / Labour
2026-07-29,W-045,Worker 45,General Labour,Material Handling,Overtime,P/OT,8,3,150,450,No,Safety Helmet; Safety Shoes; High-Visibility Vest; Task-Specific Gloves,500000,Toolbox Talk / Site Safety Induction,Skilled Worker / Labour
2026-07-30,W-045,Worker 45,General Labour,Material Handling,Overtime,P/OT,8,3,150,450,No,Safety Helmet; Safety Shoes; High-Visibility Vest; Task-Specific Gloves,500000,Toolbox Talk / Site Safety Induction,Skilled Worker / Labour
2026-07-01,W-046,Worker 46,General Labour,Site Cleaning,Overtime,P/OT,8,3,150,450,No,Safety Helmet; Safety Shoes; High-Visibility Vest; Task-Specific Gloves,500000,Toolbox Talk / Site Safety Induction,Skilled Worker / Labour
2026-07-02,W-046,Worker 46,General Labour,Site Cleaning,Overtime,P/OT,8,3,150,450,No,Safety Helmet; Safety Shoes; High-Visibility Vest; Task-Specific Gloves,500000,Toolbox Talk / Site Safety Induction,Skilled Worker / Labour
2026-07-03,W-046,Worker 46,General Labour,Site Cleaning,Overtime,P/OT,8,3,150,450,No,Safety Helmet; Safety Shoes; High-Visibility Vest; Task-Specific Gloves,500000,Toolbox Talk / Site Safety Induction,Skilled Worker / Labour
2026-07-04,W-046,Worker 46,General Labour,Site Cleaning,Overtime,P/OT,8,3,150,450,No,Safety Helmet; Safety Shoes; High-Visibility Vest; Task-Specific Gloves,500000,Toolbox Talk / Site Safety Induction,Skilled Worker / Labour
2026-07-05,W-046,Worker 46,General Labour,Site Cleaning,Overtime,H,0,0,0,0,Yes,Safety Helmet; Safety Shoes; High-Visibility Vest; Task-Specific Gloves,500000,Toolbox Talk / Site Safety Induction,Skilled Worker / Labour
2026-07-06,W-046,Worker 46,General Labour,Site Cleaning,Overtime,P/OT,8,3,150,450,No,Safety Helmet; Safety Shoes; High-Visibility Vest; Task-Specific Gloves,500000,Toolbox Talk / Site Safety Induction,Skilled Worker / Labour
2026-07-07,W-046,Worker 46,General Labour,Site Cleaning,Overtime,P/OT,8,3,150,450,No,Safety Helmet; Safety Shoes; High-Visibility Vest; Task-Specific Gloves,500000,Toolbox Talk / Site Safety Induction,Skilled Worker / Labour
2026-07-08,W-046,Worker 46,General Labour,Site Cleaning,Overtime,P/OT,8,3,150,450,No,Safety Helmet; Safety Shoes; High-Visibility Vest; Task-Specific Gloves,500000,Toolbox Talk / Site Safety Induction,Skilled Worker / Labour
2026-07-09,W-046,Worker 46,General Labour,Site Cleaning,Overtime,P/OT,8,3,150,450,No,Safety Helmet; Safety Shoes; High-Visibility Vest; Task-Specific Gloves,500000,Toolbox Talk / Site Safety Induction,Skilled Worker / Labour
2026-07-10,W-046,Worker 46,General Labour,Site Cleaning,Overtime,P/OT,8,3,150,450,No,Safety Helmet; Safety Shoes; High-Visibility Vest; Task-Specific Gloves,500000,Toolbox Talk / Site Safety Induction,Skilled Worker / Labour
2026-07-11,W-046,Worker 46,General Labour,Site Cleaning,Overtime,P/OT,8,3,150,450,No,Safety Helmet; Safety Shoes; High-Visibility Vest; Task-Specific Gloves,500000,Toolbox Talk / Site Safety Induction,Skilled Worker / Labour
2026-07-12,W-046,Worker 46,General Labour,Site Cleaning,Overtime,H,0,0,0,0,Yes,Safety Helmet; Safety Shoes; High-Visibility Vest; Task-Specific Gloves,500000,Toolbox Talk / Site Safety Induction,Skilled Worker / Labour
2026-07-13,W-046,Worker 46,General Labour,Site Cleaning,Overtime,A,0,0,0,0,No,Safety Helmet; Safety Shoes; High-Visibility Vest; Task-Specific Gloves,500000,Toolbox Talk / Site Safety Induction,Skilled Worker / Labour
2026-07-14,W-046,Worker 46,General Labour,Site Cleaning,Overtime,P/OT,8,3,150,450,No,Safety Helmet; Safety Shoes; High-Visibility Vest; Task-Specific Gloves,500000,Toolbox Talk / Site Safety Induction,Skilled Worker / Labour
2026-07-15,W-046,Worker 46,General Labour,Site Cleaning,Overtime,P/OT,8,3,150,450,No,Safety Helmet; Safety Shoes; High-Visibility Vest; Task-Specific Gloves,500000,Toolbox Talk / Site Safety Induction,Skilled Worker / Labour
2026-07-16,W-046,Worker 46,General Labour,Site Cleaning,Overtime,P/OT,8,3,150,450,No,Safety Helmet; Safety Shoes; High-Visibility Vest; Task-Specific Gloves,500000,Toolbox Talk / Site Safety Induction,Skilled Worker / Labour
2026-07-17,W-046,Worker 46,General Labour,Site Cleaning,Overtime,P/OT,8,3,150,450,No,Safety Helmet; Safety Shoes; High-Visibility Vest; Task-Specific Gloves,500000,Toolbox Talk / Site Safety Induction,Skilled Worker / Labour
2026-07-18,W-046,Worker 46,General Labour,Site Cleaning,Overtime,P/OT,8,3,150,450,No,Safety Helmet; Safety Shoes; High-Visibility Vest; Task-Specific Gloves,500000,Toolbox Talk / Site Safety Induction,Skilled Worker / Labour
2026-07-19,W-046,Worker 46,General Labour,Site Cleaning,Overtime,H,0,0,0,0,Yes,Safety Helmet; Safety Shoes; High-Visibility Vest; Task-Specific Gloves,500000,Toolbox Talk / Site Safety Induction,Skilled Worker / Labour
2026-07-20,W-046,Worker 46,General Labour,Site Cleaning,Overtime,P/OT,8,3,150,450,No,Safety Helmet; Safety Shoes; High-Visibility Vest; Task-Specific Gloves,500000,Toolbox Talk / Site Safety Induction,Skilled Worker / Labour
2026-07-21,W-046,Worker 46,General Labour,Site Cleaning,Overtime,P/OT,8,3,150,450,No,Safety Helmet; Safety Shoes; High-Visibility Vest; Task-Specific Gloves,500000,Toolbox Talk / Site Safety Induction,Skilled Worker / Labour
2026-07-22,W-046,Worker 46,General Labour,Site Cleaning,Overtime,P/OT,8,3,150,450,No,Safety Helmet; Safety Shoes; High-Visibility Vest; Task-Specific Gloves,500000,Toolbox Talk / Site Safety Induction,Skilled Worker / Labour
2026-07-23,W-046,Worker 46,General Labour,Site Cleaning,Overtime,P/OT,8,3,150,450,No,Safety Helmet; Safety Shoes; High-Visibility Vest; Task-Specific Gloves,500000,Toolbox Talk / Site Safety Induction,Skilled Worker / Labour
2026-07-24,W-046,Worker 46,General Labour,Site Cleaning,Overtime,P/OT,8,3,150,450,No,Safety Helmet; Safety Shoes; High-Visibility Vest; Task-Specific Gloves,500000,Toolbox Talk / Site Safety Induction,Skilled Worker / Labour
2026-07-25,W-046,Worker 46,General Labour,Site Cleaning,Overtime,P/OT,8,3,150,450,No,Safety Helmet; Safety Shoes; High-Visibility Vest; Task-Specific Gloves,500000,Toolbox Talk / Site Safety Induction,Skilled Worker / Labour
2026-07-26,W-046,Worker 46,General Labour,Site Cleaning,Overtime,H,0,0,0,0,Yes,Safety Helmet; Safety Shoes; High-Visibility Vest; Task-Specific Gloves,500000,Toolbox Talk / Site Safety Induction,Skilled Worker / Labour
2026-07-27,W-046,Worker 46,General Labour,Site Cleaning,Overtime,P/OT,8,3,150,450,No,Safety Helmet; Safety Shoes; High-Visibility Vest; Task-Specific Gloves,500000,Toolbox Talk / Site Safety Induction,Skilled Worker / Labour
2026-07-28,W-046,Worker 46,General Labour,Site Cleaning,Overtime,P/OT,8,3,150,450,No,Safety Helmet; Safety Shoes; High-Visibility Vest; Task-Specific Gloves,500000,Toolbox Talk / Site Safety Induction,Skilled Worker / Labour
2026-07-29,W-046,Worker 46,General Labour,Site Cleaning,Overtime,P/OT,8,3,150,450,No,Safety Helmet; Safety Shoes; High-Visibility Vest; Task-Specific Gloves,500000,Toolbox Talk / Site Safety Induction,Skilled Worker / Labour
2026-07-30,W-046,Worker 46,General Labour,Site Cleaning,Overtime,P/OT,8,3,150,450,No,Safety Helmet; Safety Shoes; High-Visibility Vest; Task-Specific Gloves,500000,Toolbox Talk / Site Safety Induction,Skilled Worker / Labour
2026-07-01,W-047,Worker 47,General Labour,Material Handling,Overtime,P/OT,8,3,150,450,No,Safety Helmet; Safety Shoes; High-Visibility Vest; Task-Specific Gloves,500000,Toolbox Talk / Site Safety Induction,Skilled Worker / Labour
2026-07-02,W-047,Worker 47,General Labour,Material Handling,Overtime,P/OT,8,3,150,450,No,Safety Helmet; Safety Shoes; High-Visibility Vest; Task-Specific Gloves,500000,Toolbox Talk / Site Safety Induction,Skilled Worker / Labour
2026-07-03,W-047,Worker 47,General Labour,Material Handling,Overtime,P/OT,8,3,150,450,No,Safety Helmet; Safety Shoes; High-Visibility Vest; Task-Specific Gloves,500000,Toolbox Talk / Site Safety Induction,Skilled Worker / Labour
2026-07-04,W-047,Worker 47,General Labour,Material Handling,Overtime,P/OT,8,3,150,450,No,Safety Helmet; Safety Shoes; High-Visibility Vest; Task-Specific Gloves,500000,Toolbox Talk / Site Safety Induction,Skilled Worker / Labour
2026-07-05,W-047,Worker 47,General Labour,Material Handling,Overtime,H,0,0,0,0,Yes,Safety Helmet; Safety Shoes; High-Visibility Vest; Task-Specific Gloves,500000,Toolbox Talk / Site Safety Induction,Skilled Worker / Labour
2026-07-06,W-047,Worker 47,General Labour,Material Handling,Overtime,P/OT,8,3,150,450,No,Safety Helmet; Safety Shoes; High-Visibility Vest; Task-Specific Gloves,500000,Toolbox Talk / Site Safety Induction,Skilled Worker / Labour
2026-07-07,W-047,Worker 47,General Labour,Material Handling,Overtime,P/OT,8,3,150,450,No,Safety Helmet; Safety Shoes; High-Visibility Vest; Task-Specific Gloves,500000,Toolbox Talk / Site Safety Induction,Skilled Worker / Labour
2026-07-08,W-047,Worker 47,General Labour,Material Handling,Overtime,P/OT,8,3,150,450,No,Safety Helmet; Safety Shoes; High-Visibility Vest; Task-Specific Gloves,500000,Toolbox Talk / Site Safety Induction,Skilled Worker / Labour
2026-07-09,W-047,Worker 47,General Labour,Material Handling,Overtime,P/OT,8,3,150,450,No,Safety Helmet; Safety Shoes; High-Visibility Vest; Task-Specific Gloves,500000,Toolbox Talk / Site Safety Induction,Skilled Worker / Labour
2026-07-10,W-047,Worker 47,General Labour,Material Handling,Overtime,P/OT,8,3,150,450,No,Safety Helmet; Safety Shoes; High-Visibility Vest; Task-Specific Gloves,500000,Toolbox Talk / Site Safety Induction,Skilled Worker / Labour
2026-07-11,W-047,Worker 47,General Labour,Material Handling,Overtime,P/OT,8,3,150,450,No,Safety Helmet; Safety Shoes; High-Visibility Vest; Task-Specific Gloves,500000,Toolbox Talk / Site Safety Induction,Skilled Worker / Labour
2026-07-12,W-047,Worker 47,General Labour,Material Handling,Overtime,H,0,0,0,0,Yes,Safety Helmet; Safety Shoes; High-Visibility Vest; Task-Specific Gloves,500000,Toolbox Talk / Site Safety Induction,Skilled Worker / Labour
2026-07-13,W-047,Worker 47,General Labour,Material Handling,Overtime,P/OT,8,3,150,450,No,Safety Helmet; Safety Shoes; High-Visibility Vest; Task-Specific Gloves,500000,Toolbox Talk / Site Safety Induction,Skilled Worker / Labour
2026-07-14,W-047,Worker 47,General Labour,Material Handling,Overtime,P/OT,8,3,150,450,No,Safety Helmet; Safety Shoes; High-Visibility Vest; Task-Specific Gloves,500000,Toolbox Talk / Site Safety Induction,Skilled Worker / Labour
2026-07-15,W-047,Worker 47,General Labour,Material Handling,Overtime,P/OT,8,3,150,450,No,Safety Helmet; Safety Shoes; High-Visibility Vest; Task-Specific Gloves,500000,Toolbox Talk / Site Safety Induction,Skilled Worker / Labour
2026-07-16,W-047,Worker 47,General Labour,Material Handling,Overtime,P/OT,8,3,150,450,No,Safety Helmet; Safety Shoes; High-Visibility Vest; Task-Specific Gloves,500000,Toolbox Talk / Site Safety Induction,Skilled Worker / Labour
2026-07-17,W-047,Worker 47,General Labour,Material Handling,Overtime,P/OT,8,3,150,450,No,Safety Helmet; Safety Shoes; High-Visibility Vest; Task-Specific Gloves,500000,Toolbox Talk / Site Safety Induction,Skilled Worker / Labour
2026-07-18,W-047,Worker 47,General Labour,Material Handling,Overtime,P/OT,8,3,150,450,No,Safety Helmet; Safety Shoes; High-Visibility Vest; Task-Specific Gloves,500000,Toolbox Talk / Site Safety Induction,Skilled Worker / Labour
2026-07-19,W-047,Worker 47,General Labour,Material Handling,Overtime,H,0,0,0,0,Yes,Safety Helmet; Safety Shoes; High-Visibility Vest; Task-Specific Gloves,500000,Toolbox Talk / Site Safety Induction,Skilled Worker / Labour
2026-07-20,W-047,Worker 47,General Labour,Material Handling,Overtime,P/OT,8,3,150,450,No,Safety Helmet; Safety Shoes; High-Visibility Vest; Task-Specific Gloves,500000,Toolbox Talk / Site Safety Induction,Skilled Worker / Labour
2026-07-21,W-047,Worker 47,General Labour,Material Handling,Overtime,P/OT,8,3,150,450,No,Safety Helmet; Safety Shoes; High-Visibility Vest; Task-Specific Gloves,500000,Toolbox Talk / Site Safety Induction,Skilled Worker / Labour
2026-07-22,W-047,Worker 47,General Labour,Material Handling,Overtime,P/OT,8,3,150,450,No,Safety Helmet; Safety Shoes; High-Visibility Vest; Task-Specific Gloves,500000,Toolbox Talk / Site Safety Induction,Skilled Worker / Labour
2026-07-23,W-047,Worker 47,General Labour,Material Handling,Overtime,P/OT,8,3,150,450,No,Safety Helmet; Safety Shoes; High-Visibility Vest; Task-Specific Gloves,500000,Toolbox Talk / Site Safety Induction,Skilled Worker / Labour
2026-07-24,W-047,Worker 47,General Labour,Material Handling,Overtime,P/OT,8,3,150,450,No,Safety Helmet; Safety Shoes; High-Visibility Vest; Task-Specific Gloves,500000,Toolbox Talk / Site Safety Induction,Skilled Worker / Labour
2026-07-25,W-047,Worker 47,General Labour,Material Handling,Overtime,P/OT,8,3,150,450,No,Safety Helmet; Safety Shoes; High-Visibility Vest; Task-Specific Gloves,500000,Toolbox Talk / Site Safety Induction,Skilled Worker / Labour
2026-07-26,W-047,Worker 47,General Labour,Material Handling,Overtime,H,0,0,0,0,Yes,Safety Helmet; Safety Shoes; High-Visibility Vest; Task-Specific Gloves,500000,Toolbox Talk / Site Safety Induction,Skilled Worker / Labour
2026-07-27,W-047,Worker 47,General Labour,Material Handling,Overtime,P/OT,8,3,150,450,No,Safety Helmet; Safety Shoes; High-Visibility Vest; Task-Specific Gloves,500000,Toolbox Talk / Site Safety Induction,Skilled Worker / Labour
2026-07-28,W-047,Worker 47,General Labour,Material Handling,Overtime,P/OT,8,3,150,450,No,Safety Helmet; Safety Shoes; High-Visibility Vest; Task-Specific Gloves,500000,Toolbox Talk / Site Safety Induction,Skilled Worker / Labour
2026-07-29,W-047,Worker 47,General Labour,Material Handling,Overtime,P/OT,8,3,150,450,No,Safety Helmet; Safety Shoes; High-Visibility Vest; Task-Specific Gloves,500000,Toolbox Talk / Site Safety Induction,Skilled Worker / Labour
2026-07-30,W-047,Worker 47,General Labour,Material Handling,Overtime,P/OT,8,3,150,450,No,Safety Helmet; Safety Shoes; High-Visibility Vest; Task-Specific Gloves,500000,Toolbox Talk / Site Safety Induction,Skilled Worker / Labour
2026-07-01,W-048,Worker 48,General Labour,Scaffolding Assistance,Overtime,P/OT,8,3,150,450,No,Safety Helmet; Safety Shoes; High-Visibility Vest; Task-Specific Gloves,500000,Toolbox Talk / Site Safety Induction,Skilled Worker / Labour
2026-07-02,W-048,Worker 48,General Labour,Scaffolding Assistance,Overtime,P/OT,8,3,150,450,No,Safety Helmet; Safety Shoes; High-Visibility Vest; Task-Specific Gloves,500000,Toolbox Talk / Site Safety Induction,Skilled Worker / Labour
2026-07-03,W-048,Worker 48,General Labour,Scaffolding Assistance,Overtime,P/OT,8,3,150,450,No,Safety Helmet; Safety Shoes; High-Visibility Vest; Task-Specific Gloves,500000,Toolbox Talk / Site Safety Induction,Skilled Worker / Labour
2026-07-04,W-048,Worker 48,General Labour,Scaffolding Assistance,Overtime,P/OT,8,3,150,450,No,Safety Helmet; Safety Shoes; High-Visibility Vest; Task-Specific Gloves,500000,Toolbox Talk / Site Safety Induction,Skilled Worker / Labour
2026-07-05,W-048,Worker 48,General Labour,Scaffolding Assistance,Overtime,H,0,0,0,0,Yes,Safety Helmet; Safety Shoes; High-Visibility Vest; Task-Specific Gloves,500000,Toolbox Talk / Site Safety Induction,Skilled Worker / Labour
2026-07-06,W-048,Worker 48,General Labour,Scaffolding Assistance,Overtime,P/OT,8,3,150,450,No,Safety Helmet; Safety Shoes; High-Visibility Vest; Task-Specific Gloves,500000,Toolbox Talk / Site Safety Induction,Skilled Worker / Labour
2026-07-07,W-048,Worker 48,General Labour,Scaffolding Assistance,Overtime,P/OT,8,3,150,450,No,Safety Helmet; Safety Shoes; High-Visibility Vest; Task-Specific Gloves,500000,Toolbox Talk / Site Safety Induction,Skilled Worker / Labour
2026-07-08,W-048,Worker 48,General Labour,Scaffolding Assistance,Overtime,P/OT,8,3,150,450,No,Safety Helmet; Safety Shoes; High-Visibility Vest; Task-Specific Gloves,500000,Toolbox Talk / Site Safety Induction,Skilled Worker / Labour
2026-07-09,W-048,Worker 48,General Labour,Scaffolding Assistance,Overtime,P/OT,8,3,150,450,No,Safety Helmet; Safety Shoes; High-Visibility Vest; Task-Specific Gloves,500000,Toolbox Talk / Site Safety Induction,Skilled Worker / Labour
2026-07-10,W-048,Worker 48,General Labour,Scaffolding Assistance,Overtime,P/OT,8,3,150,450,No,Safety Helmet; Safety Shoes; High-Visibility Vest; Task-Specific Gloves,500000,Toolbox Talk / Site Safety Induction,Skilled Worker / Labour
2026-07-11,W-048,Worker 48,General Labour,Scaffolding Assistance,Overtime,A,0,0,0,0,No,Safety Helmet; Safety Shoes; High-Visibility Vest; Task-Specific Gloves,500000,Toolbox Talk / Site Safety Induction,Skilled Worker / Labour
2026-07-12,W-048,Worker 48,General Labour,Scaffolding Assistance,Overtime,H,0,0,0,0,Yes,Safety Helmet; Safety Shoes; High-Visibility Vest; Task-Specific Gloves,500000,Toolbox Talk / Site Safety Induction,Skilled Worker / Labour
2026-07-13,W-048,Worker 48,General Labour,Scaffolding Assistance,Overtime,P/OT,8,3,150,450,No,Safety Helmet; Safety Shoes; High-Visibility Vest; Task-Specific Gloves,500000,Toolbox Talk / Site Safety Induction,Skilled Worker / Labour
2026-07-14,W-048,Worker 48,General Labour,Scaffolding Assistance,Overtime,P/OT,8,3,150,450,No,Safety Helmet; Safety Shoes; High-Visibility Vest; Task-Specific Gloves,500000,Toolbox Talk / Site Safety Induction,Skilled Worker / Labour
2026-07-15,W-048,Worker 48,General Labour,Scaffolding Assistance,Overtime,P/OT,8,3,150,450,No,Safety Helmet; Safety Shoes; High-Visibility Vest; Task-Specific Gloves,500000,Toolbox Talk / Site Safety Induction,Skilled Worker / Labour
2026-07-16,W-048,Worker 48,General Labour,Scaffolding Assistance,Overtime,P/OT,8,3,150,450,No,Safety Helmet; Safety Shoes; High-Visibility Vest; Task-Specific Gloves,500000,Toolbox Talk / Site Safety Induction,Skilled Worker / Labour
2026-07-17,W-048,Worker 48,General Labour,Scaffolding Assistance,Overtime,P/OT,8,3,150,450,No,Safety Helmet; Safety Shoes; High-Visibility Vest; Task-Specific Gloves,500000,Toolbox Talk / Site Safety Induction,Skilled Worker / Labour
2026-07-18,W-048,Worker 48,General Labour,Scaffolding Assistance,Overtime,P/OT,8,3,150,450,No,Safety Helmet; Safety Shoes; High-Visibility Vest; Task-Specific Gloves,500000,Toolbox Talk / Site Safety Induction,Skilled Worker / Labour
2026-07-19,W-048,Worker 48,General Labour,Scaffolding Assistance,Overtime,H,0,0,0,0,Yes,Safety Helmet; Safety Shoes; High-Visibility Vest; Task-Specific Gloves,500000,Toolbox Talk / Site Safety Induction,Skilled Worker / Labour
2026-07-20,W-048,Worker 48,General Labour,Scaffolding Assistance,Overtime,P/OT,8,3,150,450,No,Safety Helmet; Safety Shoes; High-Visibility Vest; Task-Specific Gloves,500000,Toolbox Talk / Site Safety Induction,Skilled Worker / Labour
2026-07-21,W-048,Worker 48,General Labour,Scaffolding Assistance,Overtime,P/OT,8,3,150,450,No,Safety Helmet; Safety Shoes; High-Visibility Vest; Task-Specific Gloves,500000,Toolbox Talk / Site Safety Induction,Skilled Worker / Labour
2026-07-22,W-048,Worker 48,General Labour,Scaffolding Assistance,Overtime,P/OT,8,3,150,450,No,Safety Helmet; Safety Shoes; High-Visibility Vest; Task-Specific Gloves,500000,Toolbox Talk / Site Safety Induction,Skilled Worker / Labour
2026-07-23,W-048,Worker 48,General Labour,Scaffolding Assistance,Overtime,P/OT,8,3,150,450,No,Safety Helmet; Safety Shoes; High-Visibility Vest; Task-Specific Gloves,500000,Toolbox Talk / Site Safety Induction,Skilled Worker / Labour
2026-07-24,W-048,Worker 48,General Labour,Scaffolding Assistance,Overtime,P/OT,8,3,150,450,No,Safety Helmet; Safety Shoes; High-Visibility Vest; Task-Specific Gloves,500000,Toolbox Talk / Site Safety Induction,Skilled Worker / Labour
2026-07-25,W-048,Worker 48,General Labour,Scaffolding Assistance,Overtime,P/OT,8,3,150,450,No,Safety Helmet; Safety Shoes; High-Visibility Vest; Task-Specific Gloves,500000,Toolbox Talk / Site Safety Induction,Skilled Worker / Labour
2026-07-26,W-048,Worker 48,General Labour,Scaffolding Assistance,Overtime,H,0,0,0,0,Yes,Safety Helmet; Safety Shoes; High-Visibility Vest; Task-Specific Gloves,500000,Toolbox Talk / Site Safety Induction,Skilled Worker / Labour
2026-07-27,W-048,Worker 48,General Labour,Scaffolding Assistance,Overtime,P/OT,8,3,150,450,No,Safety Helmet; Safety Shoes; High-Visibility Vest; Task-Specific Gloves,500000,Toolbox Talk / Site Safety Induction,Skilled Worker / Labour
2026-07-28,W-048,Worker 48,General Labour,Scaffolding Assistance,Overtime,P/OT,8,3,150,450,No,Safety Helmet; Safety Shoes; High-Visibility Vest; Task-Specific Gloves,500000,Toolbox Talk / Site Safety Induction,Skilled Worker / Labour
2026-07-29,W-048,Worker 48,General Labour,Scaffolding Assistance,Overtime,P/OT,8,3,150,450,No,Safety Helmet; Safety Shoes; High-Visibility Vest; Task-Specific Gloves,500000,Toolbox Talk / Site Safety Induction,Skilled Worker / Labour
2026-07-30,W-048,Worker 48,General Labour,Scaffolding Assistance,Overtime,P/OT,8,3,150,450,No,Safety Helmet; Safety Shoes; High-Visibility Vest; Task-Specific Gloves,500000,Toolbox Talk / Site Safety Induction,Skilled Worker / Labour
2026-07-01,W-049,Worker 49,General Labour,Concrete Assistance,Overtime,P/OT,8,3,150,450,No,Safety Helmet; Safety Shoes; High-Visibility Vest; Task-Specific Gloves,500000,Toolbox Talk / Site Safety Induction,Skilled Worker / Labour
2026-07-02,W-049,Worker 49,General Labour,Concrete Assistance,Overtime,P/OT,8,3,150,450,No,Safety Helmet; Safety Shoes; High-Visibility Vest; Task-Specific Gloves,500000,Toolbox Talk / Site Safety Induction,Skilled Worker / Labour
2026-07-03,W-049,Worker 49,General Labour,Concrete Assistance,Overtime,P/OT,8,3,150,450,No,Safety Helmet; Safety Shoes; High-Visibility Vest; Task-Specific Gloves,500000,Toolbox Talk / Site Safety Induction,Skilled Worker / Labour
2026-07-04,W-049,Worker 49,General Labour,Concrete Assistance,Overtime,P/OT,8,3,150,450,No,Safety Helmet; Safety Shoes; High-Visibility Vest; Task-Specific Gloves,500000,Toolbox Talk / Site Safety Induction,Skilled Worker / Labour
2026-07-05,W-049,Worker 49,General Labour,Concrete Assistance,Overtime,H,0,0,0,0,Yes,Safety Helmet; Safety Shoes; High-Visibility Vest; Task-Specific Gloves,500000,Toolbox Talk / Site Safety Induction,Skilled Worker / Labour
2026-07-06,W-049,Worker 49,General Labour,Concrete Assistance,Overtime,P/OT,8,3,150,450,No,Safety Helmet; Safety Shoes; High-Visibility Vest; Task-Specific Gloves,500000,Toolbox Talk / Site Safety Induction,Skilled Worker / Labour
2026-07-07,W-049,Worker 49,General Labour,Concrete Assistance,Overtime,P/OT,8,3,150,450,No,Safety Helmet; Safety Shoes; High-Visibility Vest; Task-Specific Gloves,500000,Toolbox Talk / Site Safety Induction,Skilled Worker / Labour
2026-07-08,W-049,Worker 49,General Labour,Concrete Assistance,Overtime,P/OT,8,3,150,450,No,Safety Helmet; Safety Shoes; High-Visibility Vest; Task-Specific Gloves,500000,Toolbox Talk / Site Safety Induction,Skilled Worker / Labour
2026-07-09,W-049,Worker 49,General Labour,Concrete Assistance,Overtime,P/OT,8,3,150,450,No,Safety Helmet; Safety Shoes; High-Visibility Vest; Task-Specific Gloves,500000,Toolbox Talk / Site Safety Induction,Skilled Worker / Labour
2026-07-10,W-049,Worker 49,General Labour,Concrete Assistance,Overtime,A,0,0,0,0,No,Safety Helmet; Safety Shoes; High-Visibility Vest; Task-Specific Gloves,500000,Toolbox Talk / Site Safety Induction,Skilled Worker / Labour
2026-07-11,W-049,Worker 49,General Labour,Concrete Assistance,Overtime,P/OT,8,3,150,450,No,Safety Helmet; Safety Shoes; High-Visibility Vest; Task-Specific Gloves,500000,Toolbox Talk / Site Safety Induction,Skilled Worker / Labour
2026-07-12,W-049,Worker 49,General Labour,Concrete Assistance,Overtime,H,0,0,0,0,Yes,Safety Helmet; Safety Shoes; High-Visibility Vest; Task-Specific Gloves,500000,Toolbox Talk / Site Safety Induction,Skilled Worker / Labour
2026-07-13,W-049,Worker 49,General Labour,Concrete Assistance,Overtime,P/OT,8,3,150,450,No,Safety Helmet; Safety Shoes; High-Visibility Vest; Task-Specific Gloves,500000,Toolbox Talk / Site Safety Induction,Skilled Worker / Labour
2026-07-14,W-049,Worker 49,General Labour,Concrete Assistance,Overtime,P/OT,8,3,150,450,No,Safety Helmet; Safety Shoes; High-Visibility Vest; Task-Specific Gloves,500000,Toolbox Talk / Site Safety Induction,Skilled Worker / Labour
2026-07-15,W-049,Worker 49,General Labour,Concrete Assistance,Overtime,P/OT,8,3,150,450,No,Safety Helmet; Safety Shoes; High-Visibility Vest; Task-Specific Gloves,500000,Toolbox Talk / Site Safety Induction,Skilled Worker / Labour
2026-07-16,W-049,Worker 49,General Labour,Concrete Assistance,Overtime,P/OT,8,3,150,450,No,Safety Helmet; Safety Shoes; High-Visibility Vest; Task-Specific Gloves,500000,Toolbox Talk / Site Safety Induction,Skilled Worker / Labour
2026-07-17,W-049,Worker 49,General Labour,Concrete Assistance,Overtime,P/OT,8,3,150,450,No,Safety Helmet; Safety Shoes; High-Visibility Vest; Task-Specific Gloves,500000,Toolbox Talk / Site Safety Induction,Skilled Worker / Labour
2026-07-18,W-049,Worker 49,General Labour,Concrete Assistance,Overtime,P/OT,8,3,150,450,No,Safety Helmet; Safety Shoes; High-Visibility Vest; Task-Specific Gloves,500000,Toolbox Talk / Site Safety Induction,Skilled Worker / Labour
2026-07-19,W-049,Worker 49,General Labour,Concrete Assistance,Overtime,H,0,0,0,0,Yes,Safety Helmet; Safety Shoes; High-Visibility Vest; Task-Specific Gloves,500000,Toolbox Talk / Site Safety Induction,Skilled Worker / Labour
2026-07-20,W-049,Worker 49,General Labour,Concrete Assistance,Overtime,P/OT,8,3,150,450,No,Safety Helmet; Safety Shoes; High-Visibility Vest; Task-Specific Gloves,500000,Toolbox Talk / Site Safety Induction,Skilled Worker / Labour
2026-07-21,W-049,Worker 49,General Labour,Concrete Assistance,Overtime,P/OT,8,3,150,450,No,Safety Helmet; Safety Shoes; High-Visibility Vest; Task-Specific Gloves,500000,Toolbox Talk / Site Safety Induction,Skilled Worker / Labour
2026-07-22,W-049,Worker 49,General Labour,Concrete Assistance,Overtime,P/OT,8,3,150,450,No,Safety Helmet; Safety Shoes; High-Visibility Vest; Task-Specific Gloves,500000,Toolbox Talk / Site Safety Induction,Skilled Worker / Labour
2026-07-23,W-049,Worker 49,General Labour,Concrete Assistance,Overtime,P/OT,8,3,150,450,No,Safety Helmet; Safety Shoes; High-Visibility Vest; Task-Specific Gloves,500000,Toolbox Talk / Site Safety Induction,Skilled Worker / Labour
2026-07-24,W-049,Worker 49,General Labour,Concrete Assistance,Overtime,P/OT,8,3,150,450,No,Safety Helmet; Safety Shoes; High-Visibility Vest; Task-Specific Gloves,500000,Toolbox Talk / Site Safety Induction,Skilled Worker / Labour
2026-07-25,W-049,Worker 49,General Labour,Concrete Assistance,Overtime,P/OT,8,3,150,450,No,Safety Helmet; Safety Shoes; High-Visibility Vest; Task-Specific Gloves,500000,Toolbox Talk / Site Safety Induction,Skilled Worker / Labour
2026-07-26,W-049,Worker 49,General Labour,Concrete Assistance,Overtime,H,0,0,0,0,Yes,Safety Helmet; Safety Shoes; High-Visibility Vest; Task-Specific Gloves,500000,Toolbox Talk / Site Safety Induction,Skilled Worker / Labour
2026-07-27,W-049,Worker 49,General Labour,Concrete Assistance,Overtime,P/OT,8,3,150,450,No,Safety Helmet; Safety Shoes; High-Visibility Vest; Task-Specific Gloves,500000,Toolbox Talk / Site Safety Induction,Skilled Worker / Labour
2026-07-28,W-049,Worker 49,General Labour,Concrete Assistance,Overtime,P/OT,8,3,150,450,No,Safety Helmet; Safety Shoes; High-Visibility Vest; Task-Specific Gloves,500000,Toolbox Talk / Site Safety Induction,Skilled Worker / Labour
2026-07-29,W-049,Worker 49,General Labour,Concrete Assistance,Overtime,P/OT,8,3,150,450,No,Safety Helmet; Safety Shoes; High-Visibility Vest; Task-Specific Gloves,500000,Toolbox Talk / Site Safety Induction,Skilled Worker / Labour
2026-07-30,W-049,Worker 49,General Labour,Concrete Assistance,Overtime,P/OT,8,3,150,450,No,Safety Helmet; Safety Shoes; High-Visibility Vest; Task-Specific Gloves,500000,Toolbox Talk / Site Safety Induction,Skilled Worker / Labour
2026-07-01,W-050,Worker 50,General Labour,Masonry Assistance,Overtime,P/OT,8,3,150,450,No,Safety Helmet; Safety Shoes; High-Visibility Vest; Task-Specific Gloves,500000,Toolbox Talk / Site Safety Induction,Skilled Worker / Labour
2026-07-02,W-050,Worker 50,General Labour,Masonry Assistance,Overtime,P/OT,8,3,150,450,No,Safety Helmet; Safety Shoes; High-Visibility Vest; Task-Specific Gloves,500000,Toolbox Talk / Site Safety Induction,Skilled Worker / Labour
2026-07-03,W-050,Worker 50,General Labour,Masonry Assistance,Overtime,P/OT,8,3,150,450,No,Safety Helmet; Safety Shoes; High-Visibility Vest; Task-Specific Gloves,500000,Toolbox Talk / Site Safety Induction,Skilled Worker / Labour
2026-07-04,W-050,Worker 50,General Labour,Masonry Assistance,Overtime,P/OT,8,3,150,450,No,Safety Helmet; Safety Shoes; High-Visibility Vest; Task-Specific Gloves,500000,Toolbox Talk / Site Safety Induction,Skilled Worker / Labour
2026-07-05,W-050,Worker 50,General Labour,Masonry Assistance,Overtime,H,0,0,0,0,Yes,Safety Helmet; Safety Shoes; High-Visibility Vest; Task-Specific Gloves,500000,Toolbox Talk / Site Safety Induction,Skilled Worker / Labour
2026-07-06,W-050,Worker 50,General Labour,Masonry Assistance,Overtime,P/OT,8,3,150,450,No,Safety Helmet; Safety Shoes; High-Visibility Vest; Task-Specific Gloves,500000,Toolbox Talk / Site Safety Induction,Skilled Worker / Labour
2026-07-07,W-050,Worker 50,General Labour,Masonry Assistance,Overtime,P/OT,8,3,150,450,No,Safety Helmet; Safety Shoes; High-Visibility Vest; Task-Specific Gloves,500000,Toolbox Talk / Site Safety Induction,Skilled Worker / Labour
2026-07-08,W-050,Worker 50,General Labour,Masonry Assistance,Overtime,P/OT,8,3,150,450,No,Safety Helmet; Safety Shoes; High-Visibility Vest; Task-Specific Gloves,500000,Toolbox Talk / Site Safety Induction,Skilled Worker / Labour
2026-07-09,W-050,Worker 50,General Labour,Masonry Assistance,Overtime,A,0,0,0,0,No,Safety Helmet; Safety Shoes; High-Visibility Vest; Task-Specific Gloves,500000,Toolbox Talk / Site Safety Induction,Skilled Worker / Labour
2026-07-10,W-050,Worker 50,General Labour,Masonry Assistance,Overtime,P/OT,8,3,150,450,No,Safety Helmet; Safety Shoes; High-Visibility Vest; Task-Specific Gloves,500000,Toolbox Talk / Site Safety Induction,Skilled Worker / Labour
2026-07-11,W-050,Worker 50,General Labour,Masonry Assistance,Overtime,P/OT,8,3,150,450,No,Safety Helmet; Safety Shoes; High-Visibility Vest; Task-Specific Gloves,500000,Toolbox Talk / Site Safety Induction,Skilled Worker / Labour
2026-07-12,W-050,Worker 50,General Labour,Masonry Assistance,Overtime,H,0,0,0,0,Yes,Safety Helmet; Safety Shoes; High-Visibility Vest; Task-Specific Gloves,500000,Toolbox Talk / Site Safety Induction,Skilled Worker / Labour
2026-07-13,W-050,Worker 50,General Labour,Masonry Assistance,Overtime,P/OT,8,3,150,450,No,Safety Helmet; Safety Shoes; High-Visibility Vest; Task-Specific Gloves,500000,Toolbox Talk / Site Safety Induction,Skilled Worker / Labour
2026-07-14,W-050,Worker 50,General Labour,Masonry Assistance,Overtime,P/OT,8,3,150,450,No,Safety Helmet; Safety Shoes; High-Visibility Vest; Task-Specific Gloves,500000,Toolbox Talk / Site Safety Induction,Skilled Worker / Labour
2026-07-15,W-050,Worker 50,General Labour,Masonry Assistance,Overtime,P/OT,8,3,150,450,No,Safety Helmet; Safety Shoes; High-Visibility Vest; Task-Specific Gloves,500000,Toolbox Talk / Site Safety Induction,Skilled Worker / Labour
2026-07-16,W-050,Worker 50,General Labour,Masonry Assistance,Overtime,P/OT,8,3,150,450,No,Safety Helmet; Safety Shoes; High-Visibility Vest; Task-Specific Gloves,500000,Toolbox Talk / Site Safety Induction,Skilled Worker / Labour
2026-07-17,W-050,Worker 50,General Labour,Masonry Assistance,Overtime,P/OT,8,3,150,450,No,Safety Helmet; Safety Shoes; High-Visibility Vest; Task-Specific Gloves,500000,Toolbox Talk / Site Safety Induction,Skilled Worker / Labour
2026-07-18,W-050,Worker 50,General Labour,Masonry Assistance,Overtime,P/OT,8,3,150,450,No,Safety Helmet; Safety Shoes; High-Visibility Vest; Task-Specific Gloves,500000,Toolbox Talk / Site Safety Induction,Skilled Worker / Labour
2026-07-19,W-050,Worker 50,General Labour,Masonry Assistance,Overtime,H,0,0,0,0,Yes,Safety Helmet; Safety Shoes; High-Visibility Vest; Task-Specific Gloves,500000,Toolbox Talk / Site Safety Induction,Skilled Worker / Labour
2026-07-20,W-050,Worker 50,General Labour,Masonry Assistance,Overtime,P/OT,8,3,150,450,No,Safety Helmet; Safety Shoes; High-Visibility Vest; Task-Specific Gloves,500000,Toolbox Talk / Site Safety Induction,Skilled Worker / Labour
2026-07-21,W-050,Worker 50,General Labour,Masonry Assistance,Overtime,P/OT,8,3,150,450,No,Safety Helmet; Safety Shoes; High-Visibility Vest; Task-Specific Gloves,500000,Toolbox Talk / Site Safety Induction,Skilled Worker / Labour
2026-07-22,W-050,Worker 50,General Labour,Masonry Assistance,Overtime,P/OT,8,3,150,450,No,Safety Helmet; Safety Shoes; High-Visibility Vest; Task-Specific Gloves,500000,Toolbox Talk / Site Safety Induction,Skilled Worker / Labour
2026-07-23,W-050,Worker 50,General Labour,Masonry Assistance,Overtime,P/OT,8,3,150,450,No,Safety Helmet; Safety Shoes; High-Visibility Vest; Task-Specific Gloves,500000,Toolbox Talk / Site Safety Induction,Skilled Worker / Labour
2026-07-24,W-050,Worker 50,General Labour,Masonry Assistance,Overtime,P/OT,8,3,150,450,No,Safety Helmet; Safety Shoes; High-Visibility Vest; Task-Specific Gloves,500000,Toolbox Talk / Site Safety Induction,Skilled Worker / Labour
2026-07-25,W-050,Worker 50,General Labour,Masonry Assistance,Overtime,P/OT,8,3,150,450,No,Safety Helmet; Safety Shoes; High-Visibility Vest; Task-Specific Gloves,500000,Toolbox Talk / Site Safety Induction,Skilled Worker / Labour
2026-07-26,W-050,Worker 50,General Labour,Masonry Assistance,Overtime,H,0,0,0,0,Yes,Safety Helmet; Safety Shoes; High-Visibility Vest; Task-Specific Gloves,500000,Toolbox Talk / Site Safety Induction,Skilled Worker / Labour
2026-07-27,W-050,Worker 50,General Labour,Masonry Assistance,Overtime,P/OT,8,3,150,450,No,Safety Helmet; Safety Shoes; High-Visibility Vest; Task-Specific Gloves,500000,Toolbox Talk / Site Safety Induction,Skilled Worker / Labour
2026-07-28,W-050,Worker 50,General Labour,Masonry Assistance,Overtime,P/OT,8,3,150,450,No,Safety Helmet; Safety Shoes; High-Visibility Vest; Task-Specific Gloves,500000,Toolbox Talk / Site Safety Induction,Skilled Worker / Labour
2026-07-29,W-050,Worker 50,General Labour,Masonry Assistance,Overtime,P/OT,8,3,150,450,No,Safety Helmet; Safety Shoes; High-Visibility Vest; Task-Specific Gloves,500000,Toolbox Talk / Site Safety Induction,Skilled Worker / Labour
2026-07-30,W-050,Worker 50,General Labour,Masonry Assistance,Overtime,P/OT,8,3,150,450,No,Safety Helmet; Safety Shoes; High-Visibility Vest; Task-Specific Gloves,500000,Toolbox Talk / Site Safety Induction,Skilled Worker / Labour
